Workbook
Name PERFORMANCETASKS: #REF!
Name PT: #REF!
Name QA: #REF!
Name QUARTERLYASSESSMENT: #REF!
Name SUBJECTS: '[1]INPUT DATA'!$A$1002:$A$1005
Name Transmu_Table: #REF!
Name WRITTENWORKS: #REF!
Name WW: #REF!

Sheet INSTRUCTIONS
B2: Exclusively for Strengthened SHS Curriculum Implementers
B3: Instructions: Accomplishing the Electronic Class Record (ECR) for SSHS
C7: 1 | D7: Input the correct data for the following sections. Any details entered here are used throughout the e-Class Record.
E9: This template is intended exclusively for Strengthened SHS Curriculum implementers.
M11: SCHOOL INFO
C12: SCHOOL INFO
C13: 1 | D13: Select the Region where the school is located | K13: → | N13: REGION | S13: :
C14: 2 | D14: Input the respective Schools Division Office | K14: → | N14: DIVISION | S14: :
C16: 3 | D16: Enter the six (6) digit school ID | K16: → | N16: SCHOOL ID | S16: :
C17: 4 | D17: Enter the name of the school | K17: → | N17: SCHOOL NAME | S17: :
C18: 5 | D18: Enter the current school year | K18: → | N18: SCHOOL YEAR | S18: : | T18: 2026 – 2027
D19: Upon donwload of this ECR, the School Year (2026–2027) is already pre-filled. This may be updated.
M21: TEACHER, GRADE LEVEL, AND SUBJECT AREA INFO
C22: TEACHER, GRADE LEVEL, AND SUBJECT AREA INFO
C23: 6 | D23: Enter teacher's name. | K23: → | N23: TEACHER | S23: :
C24: 7 | D24: Input the grade level taught. This field only accepts 11 or 12. | K24: → | N24: GRADE LEVEL | S24: :
C25: 8 | D25: Enter section name. | K25: → | N25: SECTION NAME | S25: :
D26: Indicate "Various Sections" if the class is composed of learners from different sections.
C27: 9 | D27: Select a Subject Category: ACADEMIC, TECH-PRO, or CORE. | K27: → | N27: SUBJECT CATEGORY | S27: :
C28: 10 | D28: Select the appropriate subject cluster. | K28: → | N28: CLUSTER | S28: :
C29: 11 | D29: Select the subject / elective from the dropdown. | K29: → | N29: SUBJECT | S29: :
C30: 12 | D30: If applicable, select “Other Elective and Special Curricular Program”, then enter the new elective or subject in the field provided. Complete the details of the subject in the correct fields. | K30: → | N30: Other Elective & Special Curricular Program / Subject | S30: :
D32: Text highlighted in orange indicates that the selected Track, Cluster, or Subject is not applicable to the grade level. Select only from the available dropdown options. | N32: NO. TERMS TAUGHT | S32: : | V32: Term Blk
N33: UNITS PER TERM | S33: :
C34: 13 | D34: As an additional guide, the number of terms in which the subject is taught (1 or 3), as well as the units to be earned per term and per year, will be displayed once a subject or elective is selected. For Other Electives, manually enter these details in the correct fields. | K34: → | N34: UNITS PER YEAR | S34: :
C37: 14 | D37: For electives offered for one or two terms, indicate the “Term Block.” Data may only be encoded in the sheet corresponding to the selected term. For electives offered for two terms, indicate the first term in which the elective is offered. The succeeding term will automatically be displayed.
D41: A helper notification will display next to the No. of Terms Taught indicating how many Term sheets need to be accomplished.
M42: LEARNERS' NAMES
C44: LEARNERS' NAMES | N44: MALE | T44: FEMALE
C45: 15 | D45: Either manually type the learners' LRNs and names or copy from SF1 and paste onto their respective columns (Male or Female). | K45: → | N45: 1 | O45: LRN | Q45: Name | T45: 1 | U45: LRN | W45: Name
N46: 2 | T46: 2
C47: 16 | D47: Up to 50 learners per group (Male/Female) may be entered. Ensure that the actual class size does not exceed the prescribed maximum class size. | K47: → | N47: 3 | T47: 3
N48: ↓ | T48: ↓
D49: TIPS: | N49: 50 | T49: 50
D50: Press Control + Shift + V to paste values only.
D51: In cases where multiple sections are handled in one class, the corresponding section may be indicated in the row immediately preceding the learners’ names, provided that sufficient rows are available. Color coding may also be used to group learners accordingly.
L52: INSTRUCTIONS | P52: INPUT DATA | U52: Term 1 | W52: Term 2 | Y52: Term 3
C57: 2 | D57: Input the raw scores per Summative Assessment component to compute for the term grades and final grades.
C68: SUMMATIVE ASSESSMENT SCORES | M68: IMPORTANT!
C69: 1 | D69: Select the appropriate sheet for the term (Term 1, Term 2, and/or Term 3).
D70: If the subject is taught for only one term, accomplish only the corresponding sheet for that term. If the subject is taught across three terms, accomplish all Term sheets. | N70: 3 | O70: Blue cells | S70: Recommended number of summative assessments per component.
C72: 2 | D72: Check whether the details entered in the INPUT sheet are captured correctly. | O72: Blank white cells | S72: Cells where the highest possible scores and actual scores should be entered.
C73: 3 | D73: Under each Summative Assessment component, input the following:
D74: HIGHEST POSSIBLE SCORE | F74: → | G74: Enter the highest possible score for each assessment. | O74: Gray cells | S74: Non-editable cells; no values should be entered.
D75: ACTUAL SCORE | F75: → | G75: Enter the corresponding raw score for each learner.
C76: 4 | D76: Use the dropdown menu under "LEARNERS' NAMES" to select the learners to be graded. | N76: 5 | O76: Green text in gray cells | S76: Indicates an invalid entry; remove the entry or encode the corresponding highest possible score first.
D78: IMPORTANT NOTES:
D79: To ensure proper data entry, the score columns are grayed out until the Highest Possible Score is entered. | N79: 70 | O79: Green cells | S79: Indicate a failing mark.
D81: “INCORRECT SHEET. Do not use this sheet to input data.” is displayed above the term sheet to indicate that the sheet is not applicable for data entry.
C86: 3 | D86: Review final grades. The computation of final grades depends on the selected subject and grade level.
C89: Grades are computed in accordance with DepEd Order No. 015, s. 2026, titled "Revised Guidelines on Classroom Assessment, Grading System, and Awards and Recognition for the K to 12 Basic Education Program." | M89: ACCRONYMS
N91: EX | O91: Examinations | T91: TG | U91: Term Grade (TG)
N92: IG | O92: Initial Grade | T92: WS | U92: Weighted Score
C93: The grading system for the Strengthened Senior High School (SSHS) follows a different set of weights for each component. | N93: PS | O93: Percentage Score | T93: WW | U93: Written/Oral Works
N94: PT | O94: Product/Performance Tasks
E95: Weight of the Components for the Strengthened Senior High School (SSHS)
E97: Subject | G97: Component | M97: NOTE:
G98: WWs | H98: PTs | I98: EXs | M98: *Given the applied and performance-based nature of SHS Field Exposure, Arts Apprenticeship, Creative Production, and Innovation, the ST–TE component shall consist solely of a Term Examination (TE), with no Summative Tests (STs), and shall carry the full 15% weight.
E99: Core | G99: 0.2 | H99: 0.5 | I99: 0.3
E100: Academic Electives
E101: All Other Electives | G101: 0.2 | H101: 0.5 | I101: 0.3
E102: Research and Design and Innovation | G102: 0.4 | H102: 0.6
E103: Arts, Sports, Health and Wellness Electives | G103: 0.2 | H103: 0.6 | I103: 0.2 | M103: ADJUSTED TRANSMUTATION TABLE
E105: Field Experience | G105: 0.15 | H105: 0.7 | I105: *15% | N105: Initial Grade | R105: Transmuted Grade | T105: Initial Grade | X105: Transmuted Grade
E106: TechPro Electives | N106: Min. | P106: Max. | T106: Min. | V106: Max.
E107: All Other Electives | G107: 0.15 | H107: 0.65 | I107: 0.2 | N107: 99.5 | P107: 100 | R107: 100 | T107: 74.72 | V107: 75.89 | X107: 79
E108: Work Immersion | G108: 0.2 | H108: 0.8 | I108: --- | N108: 98.32 | P108: 99.49 | R108: 99 | T108: 73.54 | V108: 74.71 | X108: 78
N109: 97.14 | P109: 98.31 | R109: 98 | T109: 72.36 | V109: 73.53 | X109: 77
C110: How the Grade Is Computed | N110: 95.96 | P110: 97.13 | R110: 97 | T110: 71.18 | V110: 72.35 | X110: 76
C111: Once the raw scores are encoded, the ECR automatically computes the grades as follows: | N111: 94.78 | P111: 95.95 | R111: 96 | T111: 70 | V111: 71.17 | X111: 75
C112: Step 1. Compute the Percentage Scores (PS) | N112: 93.6 | P112: 94.77 | R112: 95 | T112: 65.34 | V112: 69.99 | X112: 74
D113: The total Raw Score is converted into a Percentage Score (PS) using the following formula: | N113: 92.42 | P113: 93.59 | R113: 94 | T113: 60.67 | V113: 65.33 | X113: 73
E114: Percentage Score (PS) = (Raw Score ÷ Highest Possible Score) × 100 | N114: 91.24 | P114: 92.41 | R114: 93 | T114: 56.01 | V114: 60.66 | X114: 72
C115: Step 2. Compute the Weighted Scores (WS) | N115: 90.06 | P115: 91.23 | R115: 92 | T115: 51.34 | V115: 56 | X115: 71
D116: Each Percentage Score (PS) is multiplied by its corresponding component weight to obtain the Weighted Score (WS). | N116: 88.88 | P116: 90.05 | R116: 91 | T116: 46.67 | V116: 51.33 | X116: 70
N117: 87.7 | P117: 88.87 | R117: 90 | T117: 42.01 | V117: 46.66 | X117: 69
C118: Step 3. Compute the Initial Grade (IG) | N118: 86.52 | P118: 87.69 | R118: 89 | T118: 37.34 | V118: 42 | X118: 68
D119: The Weighted Scores (WS) from all assessment components are added together to obtain the learner’s Initial Grade (IG) for the term. | N119: 85.34 | P119: 86.51 | R119: 88 | T119: 32.68 | V119: 37.33 | X119: 67
N120: 84.16 | P120: 85.33 | R120: 87 | T120: 28.01 | V120: 32.67 | X120: 66
C121: Step 4. Convert the Initial Grade to a Term Grade (TG) | N121: 82.98 | P121: 84.15 | R121: 86 | T121: 23.35 | V121: 28 | X121: 65
D122: The Initial Grade (IG) is automatically converted using the prescribed Adjusted Transmutation Table. For example, an IG of 70.00 corresponds to a Term Grade (TG) of 75. | N122: 81.8 | P122: 82.97 | R122: 85 | T122: 18.68 | V122: 23.34 | X122: 64
N123: 80.62 | P123: 81.79 | R123: 84 | T123: 14.01 | V123: 18.67 | X123: 63
C124: Step 5. Determine the Final Term Grade | N124: 79.44 | P124: 80.61 | R124: 83 | T124: 9.35 | V124: 14 | X124: 62
D125: The resulting Term Grade (TG) is reflected as a whole number and serves as the learner’s final grade for the term. | N125: 78.26 | P125: 79.43 | R125: 82 | T125: 4.68 | V125: 9.34 | X125: 61
N126: 77.08 | P126: 78.25 | R126: 81 | T126: 0 | V126: 4.67 | X126: 60
C127: Step 6. Compute the Final Grade | N127: 75.9 | P127: 77.07 | R127: 80
D128: The Final Grade is automatically computed as the average of all Term Grades earned in the learning area for the school year. This is reflected in the “FINAL GRADES” sheet. | N128: Ref. DepEd Order 015, s.2026
C133: 4 | D133: Print only the appropriate sheets for reporting purposes and ensure that learner data is handled in compliance with data privacy policies.

Sheet INPUT DATA
D2: Exclusively for Strengthened SHS Curriculum Implementers
D3: Input Data Sheet for Electronic-Class Record (ECR)
D4: Pursuant to DepEd Order 15, series of 2026
B7: SCHOOL INFO | L7: LEARNERS' NAMES
C10: REGION | E10: : | F10: Region IV-A | N10: LRN | O10: MALE LEARNERS (Last, First Middle) | R10: LRN | S10: FEMALE LEARNERS (Last, First Middle)
C11: DIVISION | E11: : | F11: CALAMBA CITY | M11: 1 | Q11: 1
M12: 2 | Q12: 2
C13: SCHOOL ID | E13: : | F13: 301518 | M13: 3 | Q13: 3
C14: SCHOOL NAME | E14: : | F14: EDUARDO BARRETTO SR. INTEGRATED SCHOOL | M14: 4 | Q14: 4
M15: 5 | Q15: 5
C16: SCHOOL YEAR | E16: : | F16: 2026 | G16: =IF(F16>0, "– "& F16+1,"–") -> – 2027 | M16: 6 | Q16: 6
M17: 7 | Q17: 7
M18: 8 | Q18: 8
B19: TEACHER, GRADE LEVEL, AND SUBJECT AREA INFO | M19: 9 | Q19: 9
M20: 10 | Q20: 10
M21: 11 | Q21: 11
C22: TEACHER | E22: : | F22: KAREN P. GONZAGA | M22: 12 | Q22: 12
M23: 13 | Q23: 13
C24: GRADE LEVEL | E24: : | F24: 11 | G24: ← Accepts 11 or 12 only. | M24: 14 | Q24: 14
C25: SECTION NAME | E25: : | F25: MILKY WAY | M25: 15 | Q25: 15
M26: 16 | Q26: 16
C27: STRENGTHENED SHS | M27: 17 | Q27: 17
C28: SUBJECT CATEGORY | E28: : | F28: SSHS - CORE | I28: =_xlfn.IFNA(IF(COUNTIF(INDIRECT(HELPER!$F8),$F28)=0,1,0),0) -> 0 | M28: 18 | Q28: 18
C29: CLUSTER | E29: : | F29: CORE | I29: =_xlfn.IFNA(IF(COUNTIF(INDIRECT(HELPER!$F9),$F29)=0,1,0),0) -> 0 | M29: 19 | Q29: 19
C30: SUBJECT | E30: : | F30: General Mathematics | I30: =_xlfn.IFNA(IF(I29=1,1,IF(COUNTIF(INDIRECT(HELPER!$F10),$F30)=0,1,0)),0) -> 0 | M30: 20 | Q30: 20
M31: 21 | Q31: 21
F32: =IF(COUNTIF(F29,"OTHER*"),"Input the subject in the appropriate field.",IF(SUM(I28:I30)>=1,"Select the correct "&_xlfn.XLOOKUP(1,I28:I30,C28:C30)&".","")) | M32: 22 | Q32: 22
C33: NO. TERMS TAUGHT | E33: : | F33: {=IF(F29<>C37,_xlfn.IFNA(IF($F$24=11,_xlfn.XLOOKUP(1,(HELPER!$I$7:$I$161=1)*(HELPER!$L$7:$L$161='INPUT DATA'!$F$30),HELPER!P$7:P$161), IF($F$24=12,(_xlfn.XLOOKUP(1,(HELPER!$I$7:$I$161=1)*(HELPER!$L$7:$L$161='INPUT DATA'!$F$30),HELPER!T$7:T$161)),"")),""),"")} -> 3 | G33: Term Blk | H33: FIRST TERM | I33: =_xlfn.IFNA(IF(F33="","",IF(F33=3,3,_xlfn.XLOOKUP(H33,HELPER!$G$31:$G$33,HELPER!$F$31:$F$33))),"") -> 3 | M33: 23 | Q33: 23
C34: UNITS PER TERM | E34: : | F34: {=IF(F29<>C37,_xlfn.IFNA(IF($F$24=11,_xlfn.XLOOKUP(1,(HELPER!$I$7:$I$161=1)*(HELPER!$L$7:$L$161='INPUT DATA'!$F$30),HELPER!Q$7:Q$161), IF($F$24=12,(_xlfn.XLOOKUP(1,(HELPER!$I$7:$I$161=1)*(HELPER!$L$7:$L$161='INPUT DATA'!$F$30),HELPER!U$7:U$161)),"")),""),"")} -> 2 | G34: Term Blk | H34: =IFERROR(IF(F33=2,_xlfn.XLOOKUP(I33+1,HELPER!$F$31:$F$34,HELPER!$G$31:$G$34),""),"") | I34: =IF(HELPER!G21=1,(F33&I33)*1,"") -> 33 | M34: 24 | Q34: 24
C35: UNITS PER YEAR | E35: : | F35: {=IF(F29<>C37,_xlfn.IFNA(IF($F$24=11,_xlfn.XLOOKUP(1,(HELPER!$I$7:$I$161=1)*(HELPER!$L$7:$L$161='INPUT DATA'!$F$30),HELPER!R$7:R$161), IF($F$24=12,(_xlfn.XLOOKUP(1,(HELPER!$I$7:$I$161=1)*(HELPER!$L$7:$L$161='INPUT DATA'!$F$30),HELPER!V$7:V$161)),"")),""),"")} -> 6 | G35: =_xlfn.IFNA(_xlfn.XLOOKUP('INPUT DATA'!F33,HELPER!$F$24:$F$26,HELPER!$G$24:$G$26),"") -> Note: Accomplish all Term sheets. | M35: 25 | Q35: 25
M36: 26 | Q36: 26
C37: OTHER ELECTIVE / SPECIAL CURRICULAR PROGRAM | M37: 27 | Q37: 27
C38: =IF(F29=C37, "Input details of the subject below:", "") | M38: 28 | Q38: 28
C39: OTHER ELECTIVE | E39: : | M39: 29 | Q39: 29
M40: 30 | Q40: 30
M41: 31 | Q41: 31
C42: COMPONENT WEIGHTS | M42: 32 | Q42: 32
C43: WRITTEN/ORAL WORKS | E43: : | G43: =SUM(F43:F45) -> 0 | M43: 33 | Q43: 33
C44: PERFORMANCE TASKS | E44: : | M44: 34 | Q44: 34
C45: EXAMINATIONS | E45: : | M45: 35 | Q45: 35
D46: Summative Test 1 | E46: : | G46: =SUM(F46:F48) -> 0 | M46: 36 | Q46: 36
D47: Summative Test 2 | E47: : | M47: 37 | Q47: 37
D48: Term Exam | E48: : | M48: 38 | Q48: 38
M49: 39 | Q49: 39
C50: TERMS AND UNITS | M50: 40 | Q50: 40
C51: NO. TERMS TAUGHT | E51: : | G51: Term Blk | I51: =_xlfn.IFNA(IF(F51="","",IF(F51=3,3,_xlfn.XLOOKUP(H51,HELPER!$G$31:$G$33,HELPER!$F$31:$F$33))),"") | M51: 41 | Q51: 41
C52: UNITS PER TERM | E52: : | G52: Term Blk | H52: =IFERROR(IF(F51=2,_xlfn.XLOOKUP(I51+1,HELPER!$F$31:$F$34,HELPER!$G$31:$G$34),""),"") | I52: =IF(HELPER!G21=2,(F51&I51)*1,"") | M52: 42 | Q52: 42
C53: UNITS PER YEAR | E53: : | F53: =F52*F51 -> 0 | G53: =_xlfn.IFNA(_xlfn.XLOOKUP('INPUT DATA'!F51,HELPER!$F$24:$F$26,HELPER!$G$24:$G$26),"") | M53: 43 | Q53: 43
M54: 44 | Q54: 44
M55: 45 | Q55: 45
D56: If the subject is taught for only one term, accomplish only the corresponding sheet for that term. If the subject is taught across three terms, accomplish all Term sheets. | M56: 46 | Q56: 46
M57: 47 | Q57: 47
M58: 48 | Q58: 48
M59: 49 | Q59: 49
M60: 50 | Q60: 50
N62: Duplicate LRN
T64: 2026_v1.0

Sheet Term 1
B2: Strengthened Senior High School Class Record
B3: (Pursuant to DepEd Order 15, series of 2026)
G6: REGION | H6: =UPPER('INPUT DATA'!F10) -> REGION IV-A | O6: DIVISION | P6: =UPPER('INPUT DATA'!F11) -> CALAMBA CITY | Z6: SCHOOL ID | AA6: =IF('INPUT DATA'!F13="","",'INPUT DATA'!F13) -> 301518
G7: SCHOOL NAME | H7: =UPPER('INPUT DATA'!F14) -> EDUARDO BARRETTO SR. INTEGRATED SCHOOL | Z7: SCHOOL YEAR | AA7: ='INPUT DATA'!F16&" "&'INPUT DATA'!G16 -> 2026 – 2027
B8: =IF(OR(HELPER!G23="1ST",HELPER!G23="1ST & 2ND",HELPER!G23="1ST, 2ND, 3RD"),"","INCORRECT SHEET. Do not use this sheet to input data.")
B9: FIRST TERM | D9: GRADE LEVEL | H9: =IFERROR(IF(B8<>"INCORRECT SHEET. Do not use this sheet to input data.",'INPUT DATA'!F24,""),"") -> 11 | J9: SECTION | N9: =IFERROR(IF(B8<>"INCORRECT SHEET. Do not use this sheet to input data.",UPPER('INPUT DATA'!F25),""),"") -> MILKY WAY | Q9: SUBJECT | U9: =IFERROR(IF(B8<>"INCORRECT SHEET. Do not use this sheet to input data.",UPPER(HELPER!G10),""),"") -> GENERAL MATHEMATICS
D10: TEACHER | H10: =IFERROR(IF(B8<>"INCORRECT SHEET. Do not use this sheet to input data.",UPPER('INPUT DATA'!F22),""),"") -> KAREN P. GONZAGA | Q10: CLUSTER | U10: =IFERROR(IF(B8<>"INCORRECT SHEET. Do not use this sheet to input data.",UPPER(HELPER!G9),""),"") -> CORE | AH10: UNITS | AJ10: =IFERROR(IF(B8<>"INCORRECT SHEET. Do not use this sheet to input data.",HELPER!G27,""),"") -> 2 | AK10: / TERM | AL10: =IFERROR(IF(B8<>"INCORRECT SHEET. Do not use this sheet to input data.",HELPER!G28,""),"") -> 6 | AM10: / YEAR
D11: WRITTEN / ORAL WORKS (WWs) | Q11: PRODUCT / PERFORMANCE TASKS (PTs) | AD11: EXAMINATIONS (EXs) | AL11: INITIAL GRADE | AM11: TERM GRADE
D12: =IF($U$9<>"",IFERROR(_xlfn.IFNA(HELPER!G13/100,""),""),"") -> 0.2 | Q12: =IF($U$9<>"",IFERROR(_xlfn.IFNA(HELPER!G14/100,""),""),"") -> 0.5 | AD12: =IF($U$9<>"",IFERROR(_xlfn.IFNA(HELPER!G15/100,""),""),"") -> 0.3
D13: 1 | E13: 2 | F13: 3 | G13: 4 | H13: 5 | I13: 6 | J13: 7 | K13: 8 | L13: 9 | M13: 10 | N13: TOTAL | O13: PS | P13: WS | Q13: 1 | R13: 2 | S13: 3 | T13: 4 | U13: 5 | V13: 6 | W13: 7 | X13: 8 | Y13: 9 | Z13: 10 | AA13: TOTAL | AB13: PS | AC13: WS | AD13: ST 1 | AE13: ST 2 | AF13: TE | AG13: WS ST1 | AH13: WS ST2 | AI13: WS TE | AJ13: PS | AK13: WS
B14: HIGHEST POSSIBLE SCORE | N14: =SUM(D14:M14) -> 0 | O14: 100 | P14: =D12 -> 0.2 | AA14: =SUM(Q14:Z14) -> 0 | AB14: 100 | AC14: =Q12 -> 0.5 | AG14: =_xlfn.IFNA(HELPER!G17,"") -> 30 | AH14: =_xlfn.IFNA(HELPER!G18,"") -> 30 | AI14: =_xlfn.IFNA(HELPER!G19,"") -> 40 | AJ14: =IF(AD12=0,"",100) -> 100 | AK14: =AD12 -> 0.3
B15: LEARNERS' NAMES
B16: MALE
B17: 1 | C17: =IFERROR(IF(OR($B$8="INCORRECT SHEET. Do not use this sheet to input data.",'INPUT DATA'!O11=""),"",'INPUT DATA'!O11),"") | N17: =IF(COUNT(D17:M17)=0,"",SUM(D17:M17)) | O17: =IFERROR(IF(N17="","",ROUND(N17/N$14*O$14,2)),"") | P17: =IFERROR(IF(O17="","",ROUND(O17*P$14,2)),"") | AA17: =IF(COUNT(Q17:Z17)=0,"",SUM(Q17:Z17)) | AB17: =IFERROR(IF(AA17="","",ROUND(AA17/AA$14*AB$14,2)),"") | AC17: =IFERROR(IF(AB17="","",ROUND(AB17*AC$14,2)),"") | AG17: =IFERROR(IF(AD17="","",ROUND(AD17/$AD$14*$AG$14,2)),"") | AH17: =IFERROR(IF(AE17="","",ROUND(AE17/$AE$14*$AH$14,2)),"") | AI17: =IFERROR(IF(AF17="","",ROUND(AF17/$AF$14*$AI$14,2)),"") | AJ17: =IF($AD$12=0,"",IF(OR(AG17<>"",AH17<>"",AI17<>""),(SUM(AG17:AI17)/SUM($AG$14:$AI$14))*$AJ$14,"")) | AK17: =IFERROR(IF(AJ17="","",ROUND(AJ17*$AK$14,2)),"") | AL17: =IF(AND(C17<>"",P17<>"",AC17<>"",$AD$12=0),SUM(P17,AC17),IF(AND(C17<>"",P17<>"",AC17<>"",AK17<>"",$D$12>0,$Q$12>0,$AD$12>0),SUM(P17,AC17,AK17),"")) | AM17: =IFERROR(_xlfn.XLOOKUP(AL17,HELPER!$C$7:$C$47,HELPER!$D$7:$D$47,,1),"")
B18: 2 | C18: =IFERROR(IF(OR($B$8="INCORRECT SHEET. Do not use this sheet to input data.",'INPUT DATA'!O12=""),"",'INPUT DATA'!O12),"") | N18: =IF(COUNT(D18:M18)=0,"",SUM(D18:M18)) | O18: =IFERROR(IF(N18="","",ROUND(N18/N$14*O$14,2)),"") | P18: =IFERROR(IF(O18="","",ROUND(O18*P$14,2)),"") | AA18: =IF(COUNT(Q18:Z18)=0,"",SUM(Q18:Z18)) | AB18: =IFERROR(IF(AA18="","",ROUND(AA18/AA$14*AB$14,2)),"") | AC18: =IFERROR(IF(AB18="","",ROUND(AB18*AC$14,2)),"") | AG18: =IFERROR(IF(AD18="","",ROUND(AD18/$AD$14*$AG$14,2)),"") | AH18: =IFERROR(IF(AE18="","",ROUND(AE18/$AE$14*$AH$14,2)),"") | AI18: =IFERROR(IF(AF18="","",ROUND(AF18/$AF$14*$AI$14,2)),"") | AJ18: =IF($AD$12=0,"",IF(OR(AG18<>"",AH18<>"",AI18<>""),(SUM(AG18:AI18)/SUM($AG$14:$AI$14))*$AJ$14,"")) | AK18: =IFERROR(IF(AJ18="","",ROUND(AJ18*$AK$14,2)),"") | AL18: =IF(AND(C18<>"",P18<>"",AC18<>"",$AD$12=0),SUM(P18,AC18),IF(AND(C18<>"",P18<>"",AC18<>"",AK18<>"",$D$12>0,$Q$12>0,$AD$12>0),SUM(P18,AC18,AK18),"")) | AM18: =IFERROR(_xlfn.XLOOKUP(AL18,HELPER!$C$7:$C$47,HELPER!$D$7:$D$47,,1),"")
B19: 3 | C19: =IFERROR(IF(OR($B$8="INCORRECT SHEET. Do not use this sheet to input data.",'INPUT DATA'!O13=""),"",'INPUT DATA'!O13),"") | N19: =IF(COUNT(D19:M19)=0,"",SUM(D19:M19)) | O19: =IFERROR(IF(N19="","",ROUND(N19/N$14*O$14,2)),"") | P19: =IFERROR(IF(O19="","",ROUND(O19*P$14,2)),"") | AA19: =IF(COUNT(Q19:Z19)=0,"",SUM(Q19:Z19)) | AB19: =IFERROR(IF(AA19="","",ROUND(AA19/AA$14*AB$14,2)),"") | AC19: =IFERROR(IF(AB19="","",ROUND(AB19*AC$14,2)),"") | AG19: =IFERROR(IF(AD19="","",ROUND(AD19/$AD$14*$AG$14,2)),"") | AH19: =IFERROR(IF(AE19="","",ROUND(AE19/$AE$14*$AH$14,2)),"") | AI19: =IFERROR(IF(AF19="","",ROUND(AF19/$AF$14*$AI$14,2)),"") | AJ19: =IF($AD$12=0,"",IF(OR(AG19<>"",AH19<>"",AI19<>""),(SUM(AG19:AI19)/SUM($AG$14:$AI$14))*$AJ$14,"")) | AK19: =IFERROR(IF(AJ19="","",ROUND(AJ19*$AK$14,2)),"") | AL19: =IF(AND(C19<>"",P19<>"",AC19<>"",$AD$12=0),SUM(P19,AC19),IF(AND(C19<>"",P19<>"",AC19<>"",AK19<>"",$D$12>0,$Q$12>0,$AD$12>0),SUM(P19,AC19,AK19),"")) | AM19: =IFERROR(_xlfn.XLOOKUP(AL19,HELPER!$C$7:$C$47,HELPER!$D$7:$D$47,,1),"")
B20: 4 | C20: =IFERROR(IF(OR($B$8="INCORRECT SHEET. Do not use this sheet to input data.",'INPUT DATA'!O14=""),"",'INPUT DATA'!O14),"") | N20: =IF(COUNT(D20:M20)=0,"",SUM(D20:M20)) | O20: =IFERROR(IF(N20="","",ROUND(N20/N$14*O$14,2)),"") | P20: =IFERROR(IF(O20="","",ROUND(O20*P$14,2)),"") | AA20: =IF(COUNT(Q20:Z20)=0,"",SUM(Q20:Z20)) | AB20: =IFERROR(IF(AA20="","",ROUND(AA20/AA$14*AB$14,2)),"") | AC20: =IFERROR(IF(AB20="","",ROUND(AB20*AC$14,2)),"") | AG20: =IFERROR(IF(AD20="","",ROUND(AD20/$AD$14*$AG$14,2)),"") | AH20: =IFERROR(IF(AE20="","",ROUND(AE20/$AE$14*$AH$14,2)),"") | AI20: =IFERROR(IF(AF20="","",ROUND(AF20/$AF$14*$AI$14,2)),"") | AJ20: =IF($AD$12=0,"",IF(OR(AG20<>"",AH20<>"",AI20<>""),(SUM(AG20:AI20)/SUM($AG$14:$AI$14))*$AJ$14,"")) | AK20: =IFERROR(IF(AJ20="","",ROUND(AJ20*$AK$14,2)),"") | AL20: =IF(AND(C20<>"",P20<>"",AC20<>"",$AD$12=0),SUM(P20,AC20),IF(AND(C20<>"",P20<>"",AC20<>"",AK20<>"",$D$12>0,$Q$12>0,$AD$12>0),SUM(P20,AC20,AK20),"")) | AM20: =IFERROR(_xlfn.XLOOKUP(AL20,HELPER!$C$7:$C$47,HELPER!$D$7:$D$47,,1),"")
B21: 5 | C21: =IFERROR(IF(OR($B$8="INCORRECT SHEET. Do not use this sheet to input data.",'INPUT DATA'!O15=""),"",'INPUT DATA'!O15),"") | N21: =IF(COUNT(D21:M21)=0,"",SUM(D21:M21)) | O21: =IFERROR(IF(N21="","",ROUND(N21/N$14*O$14,2)),"") | P21: =IFERROR(IF(O21="","",ROUND(O21*P$14,2)),"") | AA21: =IF(COUNT(Q21:Z21)=0,"",SUM(Q21:Z21)) | AB21: =IFERROR(IF(AA21="","",ROUND(AA21/AA$14*AB$14,2)),"") | AC21: =IFERROR(IF(AB21="","",ROUND(AB21*AC$14,2)),"") | AG21: =IFERROR(IF(AD21="","",ROUND(AD21/$AD$14*$AG$14,2)),"") | AH21: =IFERROR(IF(AE21="","",ROUND(AE21/$AE$14*$AH$14,2)),"") | AI21: =IFERROR(IF(AF21="","",ROUND(AF21/$AF$14*$AI$14,2)),"") | AJ21: =IF($AD$12=0,"",IF(OR(AG21<>"",AH21<>"",AI21<>""),(SUM(AG21:AI21)/SUM($AG$14:$AI$14))*$AJ$14,"")) | AK21: =IFERROR(IF(AJ21="","",ROUND(AJ21*$AK$14,2)),"") | AL21: =IF(AND(C21<>"",P21<>"",AC21<>"",$AD$12=0),SUM(P21,AC21),IF(AND(C21<>"",P21<>"",AC21<>"",AK21<>"",$D$12>0,$Q$12>0,$AD$12>0),SUM(P21,AC21,AK21),"")) | AM21: =IFERROR(_xlfn.XLOOKUP(AL21,HELPER!$C$7:$C$47,HELPER!$D$7:$D$47,,1),"")
B22: 6 | C22: =IFERROR(IF(OR($B$8="INCORRECT SHEET. Do not use this sheet to input data.",'INPUT DATA'!O16=""),"",'INPUT DATA'!O16),"") | N22: =IF(COUNT(D22:M22)=0,"",SUM(D22:M22)) | O22: =IFERROR(IF(N22="","",ROUND(N22/N$14*O$14,2)),"") | P22: =IFERROR(IF(O22="","",ROUND(O22*P$14,2)),"") | AA22: =IF(COUNT(Q22:Z22)=0,"",SUM(Q22:Z22)) | AB22: =IFERROR(IF(AA22="","",ROUND(AA22/AA$14*AB$14,2)),"") | AC22: =IFERROR(IF(AB22="","",ROUND(AB22*AC$14,2)),"") | AG22: =IFERROR(IF(AD22="","",ROUND(AD22/$AD$14*$AG$14,2)),"") | AH22: =IFERROR(IF(AE22="","",ROUND(AE22/$AE$14*$AH$14,2)),"") | AI22: =IFERROR(IF(AF22="","",ROUND(AF22/$AF$14*$AI$14,2)),"") | AJ22: =IF($AD$12=0,"",IF(OR(AG22<>"",AH22<>"",AI22<>""),(SUM(AG22:AI22)/SUM($AG$14:$AI$14))*$AJ$14,"")) | AK22: =IFERROR(IF(AJ22="","",ROUND(AJ22*$AK$14,2)),"") | AL22: =IF(AND(C22<>"",P22<>"",AC22<>"",$AD$12=0),SUM(P22,AC22),IF(AND(C22<>"",P22<>"",AC22<>"",AK22<>"",$D$12>0,$Q$12>0,$AD$12>0),SUM(P22,AC22,AK22),"")) | AM22: =IFERROR(_xlfn.XLOOKUP(AL22,HELPER!$C$7:$C$47,HELPER!$D$7:$D$47,,1),"")
B23: 7 | C23: =IFERROR(IF(OR($B$8="INCORRECT SHEET. Do not use this sheet to input data.",'INPUT DATA'!O17=""),"",'INPUT DATA'!O17),"") | N23: =IF(COUNT(D23:M23)=0,"",SUM(D23:M23)) | O23: =IFERROR(IF(N23="","",ROUND(N23/N$14*O$14,2)),"") | P23: =IFERROR(IF(O23="","",ROUND(O23*P$14,2)),"") | AA23: =IF(COUNT(Q23:Z23)=0,"",SUM(Q23:Z23)) | AB23: =IFERROR(IF(AA23="","",ROUND(AA23/AA$14*AB$14,2)),"") | AC23: =IFERROR(IF(AB23="","",ROUND(AB23*AC$14,2)),"") | AG23: =IFERROR(IF(AD23="","",ROUND(AD23/$AD$14*$AG$14,2)),"") | AH23: =IFERROR(IF(AE23="","",ROUND(AE23/$AE$14*$AH$14,2)),"") | AI23: =IFERROR(IF(AF23="","",ROUND(AF23/$AF$14*$AI$14,2)),"") | AJ23: =IF($AD$12=0,"",IF(OR(AG23<>"",AH23<>"",AI23<>""),(SUM(AG23:AI23)/SUM($AG$14:$AI$14))*$AJ$14,"")) | AK23: =IFERROR(IF(AJ23="","",ROUND(AJ23*$AK$14,2)),"") | AL23: =IF(AND(C23<>"",P23<>"",AC23<>"",$AD$12=0),SUM(P23,AC23),IF(AND(C23<>"",P23<>"",AC23<>"",AK23<>"",$D$12>0,$Q$12>0,$AD$12>0),SUM(P23,AC23,AK23),"")) | AM23: =IFERROR(_xlfn.XLOOKUP(AL23,HELPER!$C$7:$C$47,HELPER!$D$7:$D$47,,1),"")
B24: 8 | C24: =IFERROR(IF(OR($B$8="INCORRECT SHEET. Do not use this sheet to input data.",'INPUT DATA'!O18=""),"",'INPUT DATA'!O18),"") | N24: =IF(COUNT(D24:M24)=0,"",SUM(D24:M24)) | O24: =IFERROR(IF(N24="","",ROUND(N24/N$14*O$14,2)),"") | P24: =IFERROR(IF(O24="","",ROUND(O24*P$14,2)),"") | AA24: =IF(COUNT(Q24:Z24)=0,"",SUM(Q24:Z24)) | AB24: =IFERROR(IF(AA24="","",ROUND(AA24/AA$14*AB$14,2)),"") | AC24: =IFERROR(IF(AB24="","",ROUND(AB24*AC$14,2)),"") | AG24: =IFERROR(IF(AD24="","",ROUND(AD24/$AD$14*$AG$14,2)),"") | AH24: =IFERROR(IF(AE24="","",ROUND(AE24/$AE$14*$AH$14,2)),"") | AI24: =IFERROR(IF(AF24="","",ROUND(AF24/$AF$14*$AI$14,2)),"") | AJ24: =IF($AD$12=0,"",IF(OR(AG24<>"",AH24<>"",AI24<>""),(SUM(AG24:AI24)/SUM($AG$14:$AI$14))*$AJ$14,"")) | AK24: =IFERROR(IF(AJ24="","",ROUND(AJ24*$AK$14,2)),"") | AL24: =IF(AND(C24<>"",P24<>"",AC24<>"",$AD$12=0),SUM(P24,AC24),IF(AND(C24<>"",P24<>"",AC24<>"",AK24<>"",$D$12>0,$Q$12>0,$AD$12>0),SUM(P24,AC24,AK24),"")) | AM24: =IFERROR(_xlfn.XLOOKUP(AL24,HELPER!$C$7:$C$47,HELPER!$D$7:$D$47,,1),"")
B25: 9 | C25: =IFERROR(IF(OR($B$8="INCORRECT SHEET. Do not use this sheet to input data.",'INPUT DATA'!O19=""),"",'INPUT DATA'!O19),"") | N25: =IF(COUNT(D25:M25)=0,"",SUM(D25:M25)) | O25: =IFERROR(IF(N25="","",ROUND(N25/N$14*O$14,2)),"") | P25: =IFERROR(IF(O25="","",ROUND(O25*P$14,2)),"") | AA25: =IF(COUNT(Q25:Z25)=0,"",SUM(Q25:Z25)) | AB25: =IFERROR(IF(AA25="","",ROUND(AA25/AA$14*AB$14,2)),"") | AC25: =IFERROR(IF(AB25="","",ROUND(AB25*AC$14,2)),"") | AG25: =IFERROR(IF(AD25="","",ROUND(AD25/$AD$14*$AG$14,2)),"") | AH25: =IFERROR(IF(AE25="","",ROUND(AE25/$AE$14*$AH$14,2)),"") | AI25: =IFERROR(IF(AF25="","",ROUND(AF25/$AF$14*$AI$14,2)),"") | AJ25: =IF($AD$12=0,"",IF(OR(AG25<>"",AH25<>"",AI25<>""),(SUM(AG25:AI25)/SUM($AG$14:$AI$14))*$AJ$14,"")) | AK25: =IFERROR(IF(AJ25="","",ROUND(AJ25*$AK$14,2)),"") | AL25: =IF(AND(C25<>"",P25<>"",AC25<>"",$AD$12=0),SUM(P25,AC25),IF(AND(C25<>"",P25<>"",AC25<>"",AK25<>"",$D$12>0,$Q$12>0,$AD$12>0),SUM(P25,AC25,AK25),"")) | AM25: =IFERROR(_xlfn.XLOOKUP(AL25,HELPER!$C$7:$C$47,HELPER!$D$7:$D$47,,1),"")
B26: 10 | C26: =IFERROR(IF(OR($B$8="INCORRECT SHEET. Do not use this sheet to input data.",'INPUT DATA'!O20=""),"",'INPUT DATA'!O20),"") | N26: =IF(COUNT(D26:M26)=0,"",SUM(D26:M26)) | O26: =IFERROR(IF(N26="","",ROUND(N26/N$14*O$14,2)),"") | P26: =IFERROR(IF(O26="","",ROUND(O26*P$14,2)),"") | AA26: =IF(COUNT(Q26:Z26)=0,"",SUM(Q26:Z26)) | AB26: =IFERROR(IF(AA26="","",ROUND(AA26/AA$14*AB$14,2)),"") | AC26: =IFERROR(IF(AB26="","",ROUND(AB26*AC$14,2)),"") | AG26: =IFERROR(IF(AD26="","",ROUND(AD26/$AD$14*$AG$14,2)),"") | AH26: =IFERROR(IF(AE26="","",ROUND(AE26/$AE$14*$AH$14,2)),"") | AI26: =IFERROR(IF(AF26="","",ROUND(AF26/$AF$14*$AI$14,2)),"") | AJ26: =IF($AD$12=0,"",IF(OR(AG26<>"",AH26<>"",AI26<>""),(SUM(AG26:AI26)/SUM($AG$14:$AI$14))*$AJ$14,"")) | AK26: =IFERROR(IF(AJ26="","",ROUND(AJ26*$AK$14,2)),"") | AL26: =IF(AND(C26<>"",P26<>"",AC26<>"",$AD$12=0),SUM(P26,AC26),IF(AND(C26<>"",P26<>"",AC26<>"",AK26<>"",$D$12>0,$Q$12>0,$AD$12>0),SUM(P26,AC26,AK26),"")) | AM26: =IFERROR(_xlfn.XLOOKUP(AL26,HELPER!$C$7:$C$47,HELPER!$D$7:$D$47,,1),"")
B27: 11 | C27: =IFERROR(IF(OR($B$8="INCORRECT SHEET. Do not use this sheet to input data.",'INPUT DATA'!O21=""),"",'INPUT DATA'!O21),"") | N27: =IF(COUNT(D27:M27)=0,"",SUM(D27:M27)) | O27: =IFERROR(IF(N27="","",ROUND(N27/N$14*O$14,2)),"") | P27: =IFERROR(IF(O27="","",ROUND(O27*P$14,2)),"") | AA27: =IF(COUNT(Q27:Z27)=0,"",SUM(Q27:Z27)) | AB27: =IFERROR(IF(AA27="","",ROUND(AA27/AA$14*AB$14,2)),"") | AC27: =IFERROR(IF(AB27="","",ROUND(AB27*AC$14,2)),"") | AG27: =IFERROR(IF(AD27="","",ROUND(AD27/$AD$14*$AG$14,2)),"") | AH27: =IFERROR(IF(AE27="","",ROUND(AE27/$AE$14*$AH$14,2)),"") | AI27: =IFERROR(IF(AF27="","",ROUND(AF27/$AF$14*$AI$14,2)),"") | AJ27: =IF($AD$12=0,"",IF(OR(AG27<>"",AH27<>"",AI27<>""),(SUM(AG27:AI27)/SUM($AG$14:$AI$14))*$AJ$14,"")) | AK27: =IFERROR(IF(AJ27="","",ROUND(AJ27*$AK$14,2)),"") | AL27: =IF(AND(C27<>"",P27<>"",AC27<>"",$AD$12=0),SUM(P27,AC27),IF(AND(C27<>"",P27<>"",AC27<>"",AK27<>"",$D$12>0,$Q$12>0,$AD$12>0),SUM(P27,AC27,AK27),"")) | AM27: =IFERROR(_xlfn.XLOOKUP(AL27,HELPER!$C$7:$C$47,HELPER!$D$7:$D$47,,1),"")
B28: 12 | C28: =IFERROR(IF(OR($B$8="INCORRECT SHEET. Do not use this sheet to input data.",'INPUT DATA'!O22=""),"",'INPUT DATA'!O22),"") | N28: =IF(COUNT(D28:M28)=0,"",SUM(D28:M28)) | O28: =IFERROR(IF(N28="","",ROUND(N28/N$14*O$14,2)),"") | P28: =IFERROR(IF(O28="","",ROUND(O28*P$14,2)),"") | AA28: =IF(COUNT(Q28:Z28)=0,"",SUM(Q28:Z28)) | AB28: =IFERROR(IF(AA28="","",ROUND(AA28/AA$14*AB$14,2)),"") | AC28: =IFERROR(IF(AB28="","",ROUND(AB28*AC$14,2)),"") | AG28: =IFERROR(IF(AD28="","",ROUND(AD28/$AD$14*$AG$14,2)),"") | AH28: =IFERROR(IF(AE28="","",ROUND(AE28/$AE$14*$AH$14,2)),"") | AI28: =IFERROR(IF(AF28="","",ROUND(AF28/$AF$14*$AI$14,2)),"") | AJ28: =IF($AD$12=0,"",IF(OR(AG28<>"",AH28<>"",AI28<>""),(SUM(AG28:AI28)/SUM($AG$14:$AI$14))*$AJ$14,"")) | AK28: =IFERROR(IF(AJ28="","",ROUND(AJ28*$AK$14,2)),"") | AL28: =IF(AND(C28<>"",P28<>"",AC28<>"",$AD$12=0),SUM(P28,AC28),IF(AND(C28<>"",P28<>"",AC28<>"",AK28<>"",$D$12>0,$Q$12>0,$AD$12>0),SUM(P28,AC28,AK28),"")) | AM28: =IFERROR(_xlfn.XLOOKUP(AL28,HELPER!$C$7:$C$47,HELPER!$D$7:$D$47,,1),"")
... B66: 50 | C66: =IFERROR(IF(OR($B$8="INCORRECT SHEET. Do not use this sheet to input data.",'INPUT DATA'!O60=""),"",'INPUT DATA'!O60),"") | N66: =IF(COUNT(D66:M66)=0,"",SUM(D66:M66)) | O66: =IFERROR(IF(N66="","",ROUND(N66/N$14*O$14,2)),"") | P66: =IFERROR(IF(O66="","",ROUND(O66*P$14,2)),"") | AA66: =IF(COUNT(Q66:Z66)=0,"",SUM(Q66:Z66)) | AB66: =IFERROR(IF(AA66="","",ROUND(AA66/AA$14*AB$14,2)),"") | AC66: =IFERROR(IF(AB66="","",ROUND(AB66*AC$14,2)),"") | AG66: =IFERROR(IF(AD66="","",ROUND(AD66/$AD$14*$AG$14,2)),"") | AH66: =IFERROR(IF(AE66="","",ROUND(AE66/$AE$14*$AH$14,2)),"") | AI66: =IFERROR(IF(AF66="","",ROUND(AF66/$AF$14*$AI$14,2)),"") | AJ66: =IF($AD$12=0,"",IF(OR(AG66<>"",AH66<>"",AI66<>""),(SUM(AG66:AI66)/SUM($AG$14:$AI$14))*$AJ$14,"")) | AK66: =IFERROR(IF(AJ66="","",ROUND(AJ66*$AK$14,2)),"") | AL66: =IF(AND(C66<>"",P66<>"",AC66<>"",$AD$12=0),SUM(P66,AC66),IF(AND(C66<>"",P66<>"",AC66<>"",AK66<>"",$D$12>0,$Q$12>0,$AD$12>0),SUM(P66,AC66,AK66),"")) | AM66: =IFERROR(_xlfn.XLOOKUP(AL66,HELPER!$C$7:$C$47,HELPER!$D$7:$D$47,,1),"")
B67: FEMALE
B68: 1 | C68: =IFERROR(IF(OR($B$8="INCORRECT SHEET. Do not use this sheet to input data.",'INPUT DATA'!S11=""),"",'INPUT DATA'!S11),"") | N68: =IF(COUNT(D68:M68)=0,"",SUM(D68:M68)) | O68: =IFERROR(IF(N68="","",ROUND(N68/N$14*O$14,2)),"") | P68: =IFERROR(IF(O68="","",ROUND(O68*P$14,2)),"") | AA68: =IF(COUNT(Q68:Z68)=0,"",SUM(Q68:Z68)) | AB68: =IFERROR(IF(AA68="","",ROUND(AA68/AA$14*AB$14,2)),"") | AC68: =IFERROR(IF(AB68="","",ROUND(AB68*AC$14,2)),"") | AG68: =IFERROR(IF(AD68="","",ROUND(AD68/$AD$14*$AG$14,2)),"") | AH68: =IFERROR(IF(AE68="","",ROUND(AE68/$AE$14*$AH$14,2)),"") | AI68: =IFERROR(IF(AF68="","",ROUND(AF68/$AF$14*$AI$14,2)),"") | AJ68: =IF($AD$12=0,"",IF(OR(AG68<>"",AH68<>"",AI68<>""),(SUM(AG68:AI68)/SUM($AG$14:$AI$14))*$AJ$14,"")) | AK68: =IFERROR(IF(AJ68="","",ROUND(AJ68*$AK$14,2)),"") | AL68: =IF(AND(C68<>"",P68<>"",AC68<>"",$AD$12=0),SUM(P68,AC68),IF(AND(C68<>"",P68<>"",AC68<>"",AK68<>"",$D$12>0,$Q$12>0,$AD$12>0),SUM(P68,AC68,AK68),"")) | AM68: =IFERROR(_xlfn.XLOOKUP(AL68,HELPER!$C$7:$C$47,HELPER!$D$7:$D$47,,1),"")
B69: 2 | C69: =IFERROR(IF(OR($B$8="INCORRECT SHEET. Do not use this sheet to input data.",'INPUT DATA'!S12=""),"",'INPUT DATA'!S12),"") | N69: =IF(COUNT(D69:M69)=0,"",SUM(D69:M69)) | O69: =IFERROR(IF(N69="","",ROUND(N69/N$14*O$14,2)),"") | P69: =IFERROR(IF(O69="","",ROUND(O69*P$14,2)),"") | AA69: =IF(COUNT(Q69:Z69)=0,"",SUM(Q69:Z69)) | AB69: =IFERROR(IF(AA69="","",ROUND(AA69/AA$14*AB$14,2)),"") | AC69: =IFERROR(IF(AB69="","",ROUND(AB69*AC$14,2)),"") | AG69: =IFERROR(IF(AD69="","",ROUND(AD69/$AD$14*$AG$14,2)),"") | AH69: =IFERROR(IF(AE69="","",ROUND(AE69/$AE$14*$AH$14,2)),"") | AI69: =IFERROR(IF(AF69="","",ROUND(AF69/$AF$14*$AI$14,2)),"") | AJ69: =IF($AD$12=0,"",IF(OR(AG69<>"",AH69<>"",AI69<>""),(SUM(AG69:AI69)/SUM($AG$14:$AI$14))*$AJ$14,"")) | AK69: =IFERROR(IF(AJ69="","",ROUND(AJ69*$AK$14,2)),"") | AL69: =IF(AND(C69<>"",P69<>"",AC69<>"",$AD$12=0),SUM(P69,AC69),IF(AND(C69<>"",P69<>"",AC69<>"",AK69<>"",$D$12>0,$Q$12>0,$AD$12>0),SUM(P69,AC69,AK69),"")) | AM69: =IFERROR(_xlfn.XLOOKUP(AL69,HELPER!$C$7:$C$47,HELPER!$D$7:$D$47,,1),"")
B70: 3 | C70: =IFERROR(IF(OR($B$8="INCORRECT SHEET. Do not use this sheet to input data.",'INPUT DATA'!S13=""),"",'INPUT DATA'!S13),"") | N70: =IF(COUNT(D70:M70)=0,"",SUM(D70:M70)) | O70: =IFERROR(IF(N70="","",ROUND(N70/N$14*O$14,2)),"") | P70: =IFERROR(IF(O70="","",ROUND(O70*P$14,2)),"") | AA70: =IF(COUNT(Q70:Z70)=0,"",SUM(Q70:Z70)) | AB70: =IFERROR(IF(AA70="","",ROUND(AA70/AA$14*AB$14,2)),"") | AC70: =IFERROR(IF(AB70="","",ROUND(AB70*AC$14,2)),"") | AG70: =IFERROR(IF(AD70="","",ROUND(AD70/$AD$14*$AG$14,2)),"") | AH70: =IFERROR(IF(AE70="","",ROUND(AE70/$AE$14*$AH$14,2)),"") | AI70: =IFERROR(IF(AF70="","",ROUND(AF70/$AF$14*$AI$14,2)),"") | AJ70: =IF($AD$12=0,"",IF(OR(AG70<>"",AH70<>"",AI70<>""),(SUM(AG70:AI70)/SUM($AG$14:$AI$14))*$AJ$14,"")) | AK70: =IFERROR(IF(AJ70="","",ROUND(AJ70*$AK$14,2)),"") | AL70: =IF(AND(C70<>"",P70<>"",AC70<>"",$AD$12=0),SUM(P70,AC70),IF(AND(C70<>"",P70<>"",AC70<>"",AK70<>"",$D$12>0,$Q$12>0,$AD$12>0),SUM(P70,AC70,AK70),"")) | AM70: =IFERROR(_xlfn.XLOOKUP(AL70,HELPER!$C$7:$C$47,HELPER!$D$7:$D$47,,1),"")
B71: 4 | C71: =IFERROR(IF(OR($B$8="INCORRECT SHEET. Do not use this sheet to input data.",'INPUT DATA'!S14=""),"",'INPUT DATA'!S14),"") | N71: =IF(COUNT(D71:M71)=0,"",SUM(D71:M71)) | O71: =IFERROR(IF(N71="","",ROUND(N71/N$14*O$14,2)),"") | P71: =IFERROR(IF(O71="","",ROUND(O71*P$14,2)),"") | AA71: =IF(COUNT(Q71:Z71)=0,"",SUM(Q71:Z71)) | AB71: =IFERROR(IF(AA71="","",ROUND(AA71/AA$14*AB$14,2)),"") | AC71: =IFERROR(IF(AB71="","",ROUND(AB71*AC$14,2)),"") | AG71: =IFERROR(IF(AD71="","",ROUND(AD71/$AD$14*$AG$14,2)),"") | AH71: =IFERROR(IF(AE71="","",ROUND(AE71/$AE$14*$AH$14,2)),"") | AI71: =IFERROR(IF(AF71="","",ROUND(AF71/$AF$14*$AI$14,2)),"") | AJ71: =IF($AD$12=0,"",IF(OR(AG71<>"",AH71<>"",AI71<>""),(SUM(AG71:AI71)/SUM($AG$14:$AI$14))*$AJ$14,"")) | AK71: =IFERROR(IF(AJ71="","",ROUND(AJ71*$AK$14,2)),"") | AL71: =IF(AND(C71<>"",P71<>"",AC71<>"",$AD$12=0),SUM(P71,AC71),IF(AND(C71<>"",P71<>"",AC71<>"",AK71<>"",$D$12>0,$Q$12>0,$AD$12>0),SUM(P71,AC71,AK71),"")) | AM71: =IFERROR(_xlfn.XLOOKUP(AL71,HELPER!$C$7:$C$47,HELPER!$D$7:$D$47,,1),"")
B72: 5 | C72: =IFERROR(IF(OR($B$8="INCORRECT SHEET. Do not use this sheet to input data.",'INPUT DATA'!S15=""),"",'INPUT DATA'!S15),"") | N72: =IF(COUNT(D72:M72)=0,"",SUM(D72:M72)) | O72: =IFERROR(IF(N72="","",ROUND(N72/N$14*O$14,2)),"") | P72: =IFERROR(IF(O72="","",ROUND(O72*P$14,2)),"") | AA72: =IF(COUNT(Q72:Z72)=0,"",SUM(Q72:Z72)) | AB72: =IFERROR(IF(AA72="","",ROUND(AA72/AA$14*AB$14,2)),"") | AC72: =IFERROR(IF(AB72="","",ROUND(AB72*AC$14,2)),"") | AG72: =IFERROR(IF(AD72="","",ROUND(AD72/$AD$14*$AG$14,2)),"") | AH72: =IFERROR(IF(AE72="","",ROUND(AE72/$AE$14*$AH$14,2)),"") | AI72: =IFERROR(IF(AF72="","",ROUND(AF72/$AF$14*$AI$14,2)),"") | AJ72: =IF($AD$12=0,"",IF(OR(AG72<>"",AH72<>"",AI72<>""),(SUM(AG72:AI72)/SUM($AG$14:$AI$14))*$AJ$14,"")) | AK72: =IFERROR(IF(AJ72="","",ROUND(AJ72*$AK$14,2)),"") | AL72: =IF(AND(C72<>"",P72<>"",AC72<>"",$AD$12=0),SUM(P72,AC72),IF(AND(C72<>"",P72<>"",AC72<>"",AK72<>"",$D$12>0,$Q$12>0,$AD$12>0),SUM(P72,AC72,AK72),"")) | AM72: =IFERROR(_xlfn.XLOOKUP(AL72,HELPER!$C$7:$C$47,HELPER!$D$7:$D$47,,1),"")
B73: 6 | C73: =IFERROR(IF(OR($B$8="INCORRECT SHEET. Do not use this sheet to input data.",'INPUT DATA'!S16=""),"",'INPUT DATA'!S16),"") | N73: =IF(COUNT(D73:M73)=0,"",SUM(D73:M73)) | O73: =IFERROR(IF(N73="","",ROUND(N73/N$14*O$14,2)),"") | P73: =IFERROR(IF(O73="","",ROUND(O73*P$14,2)),"") | AA73: =IF(COUNT(Q73:Z73)=0,"",SUM(Q73:Z73)) | AB73: =IFERROR(IF(AA73="","",ROUND(AA73/AA$14*AB$14,2)),"") | AC73: =IFERROR(IF(AB73="","",ROUND(AB73*AC$14,2)),"") | AG73: =IFERROR(IF(AD73="","",ROUND(AD73/$AD$14*$AG$14,2)),"") | AH73: =IFERROR(IF(AE73="","",ROUND(AE73/$AE$14*$AH$14,2)),"") | AI73: =IFERROR(IF(AF73="","",ROUND(AF73/$AF$14*$AI$14,2)),"") | AJ73: =IF($AD$12=0,"",IF(OR(AG73<>"",AH73<>"",AI73<>""),(SUM(AG73:AI73)/SUM($AG$14:$AI$14))*$AJ$14,"")) | AK73: =IFERROR(IF(AJ73="","",ROUND(AJ73*$AK$14,2)),"") | AL73: =IF(AND(C73<>"",P73<>"",AC73<>"",$AD$12=0),SUM(P73,AC73),IF(AND(C73<>"",P73<>"",AC73<>"",AK73<>"",$D$12>0,$Q$12>0,$AD$12>0),SUM(P73,AC73,AK73),"")) | AM73: =IFERROR(_xlfn.XLOOKUP(AL73,HELPER!$C$7:$C$47,HELPER!$D$7:$D$47,,1),"")
B74: 7 | C74: =IFERROR(IF(OR($B$8="INCORRECT SHEET. Do not use this sheet to input data.",'INPUT DATA'!S17=""),"",'INPUT DATA'!S17),"") | N74: =IF(COUNT(D74:M74)=0,"",SUM(D74:M74)) | O74: =IFERROR(IF(N74="","",ROUND(N74/N$14*O$14,2)),"") | P74: =IFERROR(IF(O74="","",ROUND(O74*P$14,2)),"") | AA74: =IF(COUNT(Q74:Z74)=0,"",SUM(Q74:Z74)) | AB74: =IFERROR(IF(AA74="","",ROUND(AA74/AA$14*AB$14,2)),"") | AC74: =IFERROR(IF(AB74="","",ROUND(AB74*AC$14,2)),"") | AG74: =IFERROR(IF(AD74="","",ROUND(AD74/$AD$14*$AG$14,2)),"") | AH74: =IFERROR(IF(AE74="","",ROUND(AE74/$AE$14*$AH$14,2)),"") | AI74: =IFERROR(IF(AF74="","",ROUND(AF74/$AF$14*$AI$14,2)),"") | AJ74: =IF($AD$12=0,"",IF(OR(AG74<>"",AH74<>"",AI74<>""),(SUM(AG74:AI74)/SUM($AG$14:$AI$14))*$AJ$14,"")) | AK74: =IFERROR(IF(AJ74="","",ROUND(AJ74*$AK$14,2)),"") | AL74: =IF(AND(C74<>"",P74<>"",AC74<>"",$AD$12=0),SUM(P74,AC74),IF(AND(C74<>"",P74<>"",AC74<>"",AK74<>"",$D$12>0,$Q$12>0,$AD$12>0),SUM(P74,AC74,AK74),"")) | AM74: =IFERROR(_xlfn.XLOOKUP(AL74,HELPER!$C$7:$C$47,HELPER!$D$7:$D$47,,1),"")
B75: 8 | C75: =IFERROR(IF(OR($B$8="INCORRECT SHEET. Do not use this sheet to input data.",'INPUT DATA'!S18=""),"",'INPUT DATA'!S18),"") | N75: =IF(COUNT(D75:M75)=0,"",SUM(D75:M75)) | O75: =IFERROR(IF(N75="","",ROUND(N75/N$14*O$14,2)),"") | P75: =IFERROR(IF(O75="","",ROUND(O75*P$14,2)),"") | AA75: =IF(COUNT(Q75:Z75)=0,"",SUM(Q75:Z75)) | AB75: =IFERROR(IF(AA75="","",ROUND(AA75/AA$14*AB$14,2)),"") | AC75: =IFERROR(IF(AB75="","",ROUND(AB75*AC$14,2)),"") | AG75: =IFERROR(IF(AD75="","",ROUND(AD75/$AD$14*$AG$14,2)),"") | AH75: =IFERROR(IF(AE75="","",ROUND(AE75/$AE$14*$AH$14,2)),"") | AI75: =IFERROR(IF(AF75="","",ROUND(AF75/$AF$14*$AI$14,2)),"") | AJ75: =IF($AD$12=0,"",IF(OR(AG75<>"",AH75<>"",AI75<>""),(SUM(AG75:AI75)/SUM($AG$14:$AI$14))*$AJ$14,"")) | AK75: =IFERROR(IF(AJ75="","",ROUND(AJ75*$AK$14,2)),"") | AL75: =IF(AND(C75<>"",P75<>"",AC75<>"",$AD$12=0),SUM(P75,AC75),IF(AND(C75<>"",P75<>"",AC75<>"",AK75<>"",$D$12>0,$Q$12>0,$AD$12>0),SUM(P75,AC75,AK75),"")) | AM75: =IFERROR(_xlfn.XLOOKUP(AL75,HELPER!$C$7:$C$47,HELPER!$D$7:$D$47,,1),"")
B76: 9 | C76: =IFERROR(IF(OR($B$8="INCORRECT SHEET. Do not use this sheet to input data.",'INPUT DATA'!S19=""),"",'INPUT DATA'!S19),"") | N76: =IF(COUNT(D76:M76)=0,"",SUM(D76:M76)) | O76: =IFERROR(IF(N76="","",ROUND(N76/N$14*O$14,2)),"") | P76: =IFERROR(IF(O76="","",ROUND(O76*P$14,2)),"") | AA76: =IF(COUNT(Q76:Z76)=0,"",SUM(Q76:Z76)) | AB76: =IFERROR(IF(AA76="","",ROUND(AA76/AA$14*AB$14,2)),"") | AC76: =IFERROR(IF(AB76="","",ROUND(AB76*AC$14,2)),"") | AG76: =IFERROR(IF(AD76="","",ROUND(AD76/$AD$14*$AG$14,2)),"") | AH76: =IFERROR(IF(AE76="","",ROUND(AE76/$AE$14*$AH$14,2)),"") | AI76: =IFERROR(IF(AF76="","",ROUND(AF76/$AF$14*$AI$14,2)),"") | AJ76: =IF($AD$12=0,"",IF(OR(AG76<>"",AH76<>"",AI76<>""),(SUM(AG76:AI76)/SUM($AG$14:$AI$14))*$AJ$14,"")) | AK76: =IFERROR(IF(AJ76="","",ROUND(AJ76*$AK$14,2)),"") | AL76: =IF(AND(C76<>"",P76<>"",AC76<>"",$AD$12=0),SUM(P76,AC76),IF(AND(C76<>"",P76<>"",AC76<>"",AK76<>"",$D$12>0,$Q$12>0,$AD$12>0),SUM(P76,AC76,AK76),"")) | AM76: =IFERROR(_xlfn.XLOOKUP(AL76,HELPER!$C$7:$C$47,HELPER!$D$7:$D$47,,1),"")
B77: 10 | C77: =IFERROR(IF(OR($B$8="INCORRECT SHEET. Do not use this sheet to input data.",'INPUT DATA'!S20=""),"",'INPUT DATA'!S20),"") | N77: =IF(COUNT(D77:M77)=0,"",SUM(D77:M77)) | O77: =IFERROR(IF(N77="","",ROUND(N77/N$14*O$14,2)),"") | P77: =IFERROR(IF(O77="","",ROUND(O77*P$14,2)),"") | AA77: =IF(COUNT(Q77:Z77)=0,"",SUM(Q77:Z77)) | AB77: =IFERROR(IF(AA77="","",ROUND(AA77/AA$14*AB$14,2)),"") | AC77: =IFERROR(IF(AB77="","",ROUND(AB77*AC$14,2)),"") | AG77: =IFERROR(IF(AD77="","",ROUND(AD77/$AD$14*$AG$14,2)),"") | AH77: =IFERROR(IF(AE77="","",ROUND(AE77/$AE$14*$AH$14,2)),"") | AI77: =IFERROR(IF(AF77="","",ROUND(AF77/$AF$14*$AI$14,2)),"") | AJ77: =IF($AD$12=0,"",IF(OR(AG77<>"",AH77<>"",AI77<>""),(SUM(AG77:AI77)/SUM($AG$14:$AI$14))*$AJ$14,"")) | AK77: =IFERROR(IF(AJ77="","",ROUND(AJ77*$AK$14,2)),"") | AL77: =IF(AND(C77<>"",P77<>"",AC77<>"",$AD$12=0),SUM(P77,AC77),IF(AND(C77<>"",P77<>"",AC77<>"",AK77<>"",$D$12>0,$Q$12>0,$AD$12>0),SUM(P77,AC77,AK77),"")) | AM77: =IFERROR(_xlfn.XLOOKUP(AL77,HELPER!$C$7:$C$47,HELPER!$D$7:$D$47,,1),"")
B78: 11 | C78: =IFERROR(IF(OR($B$8="INCORRECT SHEET. Do not use this sheet to input data.",'INPUT DATA'!S21=""),"",'INPUT DATA'!S21),"") | N78: =IF(COUNT(D78:M78)=0,"",SUM(D78:M78)) | O78: =IFERROR(IF(N78="","",ROUND(N78/N$14*O$14,2)),"") | P78: =IFERROR(IF(O78="","",ROUND(O78*P$14,2)),"") | AA78: =IF(COUNT(Q78:Z78)=0,"",SUM(Q78:Z78)) | AB78: =IFERROR(IF(AA78="","",ROUND(AA78/AA$14*AB$14,2)),"") | AC78: =IFERROR(IF(AB78="","",ROUND(AB78*AC$14,2)),"") | AG78: =IFERROR(IF(AD78="","",ROUND(AD78/$AD$14*$AG$14,2)),"") | AH78: =IFERROR(IF(AE78="","",ROUND(AE78/$AE$14*$AH$14,2)),"") | AI78: =IFERROR(IF(AF78="","",ROUND(AF78/$AF$14*$AI$14,2)),"") | AJ78: =IF($AD$12=0,"",IF(OR(AG78<>"",AH78<>"",AI78<>""),(SUM(AG78:AI78)/SUM($AG$14:$AI$14))*$AJ$14,"")) | AK78: =IFERROR(IF(AJ78="","",ROUND(AJ78*$AK$14,2)),"") | AL78: =IF(AND(C78<>"",P78<>"",AC78<>"",$AD$12=0),SUM(P78,AC78),IF(AND(C78<>"",P78<>"",AC78<>"",AK78<>"",$D$12>0,$Q$12>0,$AD$12>0),SUM(P78,AC78,AK78),"")) | AM78: =IFERROR(_xlfn.XLOOKUP(AL78,HELPER!$C$7:$C$47,HELPER!$D$7:$D$47,,1),"")
B79: 12 | C79: =IFERROR(IF(OR($B$8="INCORRECT SHEET. Do not use this sheet to input data.",'INPUT DATA'!S22=""),"",'INPUT DATA'!S22),"") | N79: =IF(COUNT(D79:M79)=0,"",SUM(D79:M79)) | O79: =IFERROR(IF(N79="","",ROUND(N79/N$14*O$14,2)),"") | P79: =IFERROR(IF(O79="","",ROUND(O79*P$14,2)),"") | AA79: =IF(COUNT(Q79:Z79)=0,"",SUM(Q79:Z79)) | AB79: =IFERROR(IF(AA79="","",ROUND(AA79/AA$14*AB$14,2)),"") | AC79: =IFERROR(IF(AB79="","",ROUND(AB79*AC$14,2)),"") | AG79: =IFERROR(IF(AD79="","",ROUND(AD79/$AD$14*$AG$14,2)),"") | AH79: =IFERROR(IF(AE79="","",ROUND(AE79/$AE$14*$AH$14,2)),"") | AI79: =IFERROR(IF(AF79="","",ROUND(AF79/$AF$14*$AI$14,2)),"") | AJ79: =IF($AD$12=0,"",IF(OR(AG79<>"",AH79<>"",AI79<>""),(SUM(AG79:AI79)/SUM($AG$14:$AI$14))*$AJ$14,"")) | AK79: =IFERROR(IF(AJ79="","",ROUND(AJ79*$AK$14,2)),"") | AL79: =IF(AND(C79<>"",P79<>"",AC79<>"",$AD$12=0),SUM(P79,AC79),IF(AND(C79<>"",P79<>"",AC79<>"",AK79<>"",$D$12>0,$Q$12>0,$AD$12>0),SUM(P79,AC79,AK79),"")) | AM79: =IFERROR(_xlfn.XLOOKUP(AL79,HELPER!$C$7:$C$47,HELPER!$D$7:$D$47,,1),"")
... B117: 50 | C117: =IFERROR(IF(OR($B$8="INCORRECT SHEET. Do not use this sheet to input data.",'INPUT DATA'!S60=""),"",'INPUT DATA'!S60),"") | N117: =IF(COUNT(D117:M117)=0,"",SUM(D117:M117)) | O117: =IFERROR(IF(N117="","",ROUND(N117/N$14*O$14,2)),"") | P117: =IFERROR(IF(O117="","",ROUND(O117*P$14,2)),"") | AA117: =IF(COUNT(Q117:Z117)=0,"",SUM(Q117:Z117)) | AB117: =IFERROR(IF(AA117="","",ROUND(AA117/AA$14*AB$14,2)),"") | AC117: =IFERROR(IF(AB117="","",ROUND(AB117*AC$14,2)),"") | AG117: =IFERROR(IF(AD117="","",ROUND(AD117/$AD$14*$AG$14,2)),"") | AH117: =IFERROR(IF(AE117="","",ROUND(AE117/$AE$14*$AH$14,2)),"") | AI117: =IFERROR(IF(AF117="","",ROUND(AF117/$AF$14*$AI$14,2)),"") | AJ117: =IF($AD$12=0,"",IF(OR(AG117<>"",AH117<>"",AI117<>""),(SUM(AG117:AI117)/SUM($AG$14:$AI$14))*$AJ$14,"")) | AK117: =IFERROR(IF(AJ117="","",ROUND(AJ117*$AK$14,2)),"") | AL117: =IF(AND(C117<>"",P117<>"",AC117<>"",$AD$12=0),SUM(P117,AC117),IF(AND(C117<>"",P117<>"",AC117<>"",AK117<>"",$D$12>0,$Q$12>0,$AD$12>0),SUM(P117,AC117,AK117),"")) | AM117: =IFERROR(_xlfn.XLOOKUP(AL117,HELPER!$C$7:$C$47,HELPER!$D$7:$D$47,,1),"")
B118: x | E118: x | F118: x | G118: x | H118: x | I118: x | J118: x | K118: x | L118: x | M118: x | N118: x | O118: x | P118: x | R118: x | S118: x | T118: x | U118: x | V118: x | W118: x | X118: x | Y118: x | Z118: x | AA118: x | AB118: x | AC118: x | AG118: x | AH118: x | AI118: x | AJ118: x | AK118: x | AL118: x | AM118: x
D120: {=_xlfn.SEQUENCE(D14+1,1,0,1)} -> 0 | E120: {=_xlfn.SEQUENCE(E14+1,1,0,1)} -> 0 | F120: {=_xlfn.SEQUENCE(F14+1,1,0,1)} -> 0 | G120: {=_xlfn.SEQUENCE(G14+1,1,0,1)} -> 0 | H120: {=_xlfn.SEQUENCE(H14+1,1,0,1)} -> 0 | I120: {=_xlfn.SEQUENCE(I14+1,1,0,1)} -> 0 | J120: {=_xlfn.SEQUENCE(J14+1,1,0,1)} -> 0 | K120: {=_xlfn.SEQUENCE(K14+1,1,0,1)} -> 0 | ... M120: {=_xlfn.SEQUENCE(M14+1,1,0,1)} -> 0 | Q120: {=_xlfn.SEQUENCE(Q14+1,1,0,1)} -> 0 | R120: {=_xlfn.SEQUENCE(R14+1,1,0,1)} -> 0 | S120: {=_xlfn.SEQUENCE(S14+1,1,0,1)} -> 0 | T120: {=_xlfn.SEQUENCE(T14+1,1,0,1)} -> 0 | U120: {=_xlfn.SEQUENCE(U14+1,1,0,1)} -> 0 | V120: {=_xlfn.SEQUENCE(V14+1,1,0,1)} -> 0 | W120: {=_xlfn.SEQUENCE(W14+1,1,0,1)} -> 0 | X120: {=_xlfn.SEQUENCE(X14+1,1,0,1)} -> 0 | ... Z120: {=_xlfn.SEQUENCE(Z14+1,1,0,1)} -> 0 | AD120: {=_xlfn.SEQUENCE(AD14+1,1,0,1)} -> 0 | AE120: {=_xlfn.SEQUENCE(AE14+1,1,0,1)} -> 0 | AF120: {=_xlfn.SEQUENCE(AF14+1,1,0,1)} -> 0

Sheet Term 2
B2: Strengthened Senior High School Class Record
B3: (Pursuant to DepEd Order 15, series of 2026)
G6: REGION | H6: =UPPER('INPUT DATA'!F10) -> REGION IV-A | O6: DIVISION | P6: =UPPER('INPUT DATA'!F11) -> CALAMBA CITY | Z6: SCHOOL ID | AA6: =IF('INPUT DATA'!F13="","",'INPUT DATA'!F13) -> 301518
G7: SCHOOL NAME | H7: =UPPER('INPUT DATA'!F14) -> EDUARDO BARRETTO SR. INTEGRATED SCHOOL | Z7: SCHOOL YEAR | AA7: ='INPUT DATA'!F16&" "&'INPUT DATA'!G16 -> 2026 – 2027
B8: =IF(OR(HELPER!G23="2ND",HELPER!G23="1ST & 2ND",HELPER!G23="2ND & 3RD",HELPER!G23="1ST, 2ND, 3RD"),"","INCORRECT SHEET. Do not use this sheet to input data.")
B9: SECOND TERM | D9: GRADE LEVEL | H9: =IFERROR(IF(B8<>"INCORRECT SHEET. Do not use this sheet to input data.",'INPUT DATA'!F24,""),"") -> 11 | J9: SECTION | N9: =IFERROR(IF(B8<>"INCORRECT SHEET. Do not use this sheet to input data.",UPPER('INPUT DATA'!F25),""),"") -> MILKY WAY | Q9: SUBJECT | U9: =IFERROR(IF(B8<>"INCORRECT SHEET. Do not use this sheet to input data.",UPPER(HELPER!G10),""),"") -> GENERAL MATHEMATICS
D10: TEACHER | H10: =IFERROR(IF(B8<>"INCORRECT SHEET. Do not use this sheet to input data.",UPPER('INPUT DATA'!F22),""),"") -> KAREN P. GONZAGA | Q10: CLUSTER | U10: =IFERROR(IF(B8<>"INCORRECT SHEET. Do not use this sheet to input data.",UPPER(HELPER!G9),""),"") -> CORE | AH10: UNITS | AJ10: =IFERROR(IF(B8<>"INCORRECT SHEET. Do not use this sheet to input data.",HELPER!G27,""),"") -> 2 | AK10: / TERM | AL10: =IFERROR(IF(B8<>"INCORRECT SHEET. Do not use this sheet to input data.",HELPER!G28,""),"") -> 6 | AM10: / YEAR
D11: WRITTEN / ORAL WORKS (WWs) | Q11: PRODUCT / PERFORMANCE TASKS (PTs) | AD11: EXAMINATIONS (EXs) | AL11: INITIAL GRADE | AM11: TERM GRADE
D12: =IF($U$9<>"",IFERROR(_xlfn.IFNA(HELPER!G13/100,""),""),"") -> 0.2 | Q12: =IF($U$9<>"",IFERROR(_xlfn.IFNA(HELPER!G14/100,""),""),"") -> 0.5 | AD12: =IF($U$9<>"",IFERROR(_xlfn.IFNA(HELPER!G15/100,""),""),"") -> 0.3
D13: 1 | E13: 2 | F13: 3 | G13: 4 | H13: 5 | I13: 6 | J13: 7 | K13: 8 | L13: 9 | M13: 10 | N13: TOTAL | O13: PS | P13: WS | Q13: 1 | R13: 2 | S13: 3 | T13: 4 | U13: 5 | V13: 6 | W13: 7 | X13: 8 | Y13: 9 | Z13: 10 | AA13: TOTAL | AB13: PS | AC13: WS | AD13: ST 1 | AE13: ST 2 | AF13: TE | AG13: WS ST1 | AH13: WS ST2 | AI13: WS TE | AJ13: PS | AK13: WS
B14: HIGHEST POSSIBLE SCORE | N14: =SUM(D14:M14) -> 0 | O14: 100 | P14: =D12 -> 0.2 | AA14: =SUM(Q14:Z14) -> 0 | AB14: 100 | AC14: =Q12 -> 0.5 | AG14: =_xlfn.IFNA(HELPER!G17,"") -> 30 | AH14: =_xlfn.IFNA(HELPER!G18,"") -> 30 | AI14: =_xlfn.IFNA(HELPER!G19,"") -> 40 | AJ14: =IF(AD12=0,"",100) -> 100 | AK14: =AD12 -> 0.3
B15: LEARNERS' NAMES
B16: MALE
B17: 1 | C17: =IFERROR(IF(OR($B$8="INCORRECT SHEET. Do not use this sheet to input data.",'INPUT DATA'!O11=""),"",'INPUT DATA'!O11),"") | N17: =IF(COUNT(D17:M17)=0,"",SUM(D17:M17)) | O17: =IFERROR(IF(N17="","",ROUND(N17/N$14*O$14,2)),"") | P17: =IFERROR(IF(O17="","",ROUND(O17*P$14,2)),"") | AA17: =IF(COUNT(Q17:Z17)=0,"",SUM(Q17:Z17)) | AB17: =IFERROR(IF(AA17="","",ROUND(AA17/AA$14*AB$14,2)),"") | AC17: =IFERROR(IF(AB17="","",ROUND(AB17*AC$14,2)),"") | AG17: =IFERROR(IF(AD17="","",ROUND(AD17/$AD$14*$AG$14,2)),"") | AH17: =IFERROR(IF(AE17="","",ROUND(AE17/$AE$14*$AH$14,2)),"") | AI17: =IFERROR(IF(AF17="","",ROUND(AF17/$AF$14*$AI$14,2)),"") | AJ17: =IF($AD$12=0,"",IF(OR(AG17<>"",AH17<>"",AI17<>""),(SUM(AG17:AI17)/SUM($AG$14:$AI$14))*$AJ$14,"")) | AK17: =IFERROR(IF(AJ17="","",ROUND(AJ17*$AK$14,2)),"") | AL17: =IF(AND(C17<>"",P17<>"",AC17<>"",$AD$12=0),SUM(P17,AC17),IF(AND(C17<>"",P17<>"",AC17<>"",AK17<>"",$D$12>0,$Q$12>0,$AD$12>0),SUM(P17,AC17,AK17),"")) | AM17: =IFERROR(_xlfn.XLOOKUP(AL17,HELPER!$C$7:$C$47,HELPER!$D$7:$D$47,,1),"")
B18: 2 | C18: =IFERROR(IF(OR($B$8="INCORRECT SHEET. Do not use this sheet to input data.",'INPUT DATA'!O12=""),"",'INPUT DATA'!O12),"") | N18: =IF(COUNT(D18:M18)=0,"",SUM(D18:M18)) | O18: =IFERROR(IF(N18="","",ROUND(N18/N$14*O$14,2)),"") | P18: =IFERROR(IF(O18="","",ROUND(O18*P$14,2)),"") | AA18: =IF(COUNT(Q18:Z18)=0,"",SUM(Q18:Z18)) | AB18: =IFERROR(IF(AA18="","",ROUND(AA18/AA$14*AB$14,2)),"") | AC18: =IFERROR(IF(AB18="","",ROUND(AB18*AC$14,2)),"") | AG18: =IFERROR(IF(AD18="","",ROUND(AD18/$AD$14*$AG$14,2)),"") | AH18: =IFERROR(IF(AE18="","",ROUND(AE18/$AE$14*$AH$14,2)),"") | AI18: =IFERROR(IF(AF18="","",ROUND(AF18/$AF$14*$AI$14,2)),"") | AJ18: =IF($AD$12=0,"",IF(OR(AG18<>"",AH18<>"",AI18<>""),(SUM(AG18:AI18)/SUM($AG$14:$AI$14))*$AJ$14,"")) | AK18: =IFERROR(IF(AJ18="","",ROUND(AJ18*$AK$14,2)),"") | AL18: =IF(AND(C18<>"",P18<>"",AC18<>"",$AD$12=0),SUM(P18,AC18),IF(AND(C18<>"",P18<>"",AC18<>"",AK18<>"",$D$12>0,$Q$12>0,$AD$12>0),SUM(P18,AC18,AK18),"")) | AM18: =IFERROR(_xlfn.XLOOKUP(AL18,HELPER!$C$7:$C$47,HELPER!$D$7:$D$47,,1),"")
B19: 3 | C19: =IFERROR(IF(OR($B$8="INCORRECT SHEET. Do not use this sheet to input data.",'INPUT DATA'!O13=""),"",'INPUT DATA'!O13),"") | N19: =IF(COUNT(D19:M19)=0,"",SUM(D19:M19)) | O19: =IFERROR(IF(N19="","",ROUND(N19/N$14*O$14,2)),"") | P19: =IFERROR(IF(O19="","",ROUND(O19*P$14,2)),"") | AA19: =IF(COUNT(Q19:Z19)=0,"",SUM(Q19:Z19)) | AB19: =IFERROR(IF(AA19="","",ROUND(AA19/AA$14*AB$14,2)),"") | AC19: =IFERROR(IF(AB19="","",ROUND(AB19*AC$14,2)),"") | AG19: =IFERROR(IF(AD19="","",ROUND(AD19/$AD$14*$AG$14,2)),"") | AH19: =IFERROR(IF(AE19="","",ROUND(AE19/$AE$14*$AH$14,2)),"") | AI19: =IFERROR(IF(AF19="","",ROUND(AF19/$AF$14*$AI$14,2)),"") | AJ19: =IF($AD$12=0,"",IF(OR(AG19<>"",AH19<>"",AI19<>""),(SUM(AG19:AI19)/SUM($AG$14:$AI$14))*$AJ$14,"")) | AK19: =IFERROR(IF(AJ19="","",ROUND(AJ19*$AK$14,2)),"") | AL19: =IF(AND(C19<>"",P19<>"",AC19<>"",$AD$12=0),SUM(P19,AC19),IF(AND(C19<>"",P19<>"",AC19<>"",AK19<>"",$D$12>0,$Q$12>0,$AD$12>0),SUM(P19,AC19,AK19),"")) | AM19: =IFERROR(_xlfn.XLOOKUP(AL19,HELPER!$C$7:$C$47,HELPER!$D$7:$D$47,,1),"")
B20: 4 | C20: =IFERROR(IF(OR($B$8="INCORRECT SHEET. Do not use this sheet to input data.",'INPUT DATA'!O14=""),"",'INPUT DATA'!O14),"") | N20: =IF(COUNT(D20:M20)=0,"",SUM(D20:M20)) | O20: =IFERROR(IF(N20="","",ROUND(N20/N$14*O$14,2)),"") | P20: =IFERROR(IF(O20="","",ROUND(O20*P$14,2)),"") | AA20: =IF(COUNT(Q20:Z20)=0,"",SUM(Q20:Z20)) | AB20: =IFERROR(IF(AA20="","",ROUND(AA20/AA$14*AB$14,2)),"") | AC20: =IFERROR(IF(AB20="","",ROUND(AB20*AC$14,2)),"") | AG20: =IFERROR(IF(AD20="","",ROUND(AD20/$AD$14*$AG$14,2)),"") | AH20: =IFERROR(IF(AE20="","",ROUND(AE20/$AE$14*$AH$14,2)),"") | AI20: =IFERROR(IF(AF20="","",ROUND(AF20/$AF$14*$AI$14,2)),"") | AJ20: =IF($AD$12=0,"",IF(OR(AG20<>"",AH20<>"",AI20<>""),(SUM(AG20:AI20)/SUM($AG$14:$AI$14))*$AJ$14,"")) | AK20: =IFERROR(IF(AJ20="","",ROUND(AJ20*$AK$14,2)),"") | AL20: =IF(AND(C20<>"",P20<>"",AC20<>"",$AD$12=0),SUM(P20,AC20),IF(AND(C20<>"",P20<>"",AC20<>"",AK20<>"",$D$12>0,$Q$12>0,$AD$12>0),SUM(P20,AC20,AK20),"")) | AM20: =IFERROR(_xlfn.XLOOKUP(AL20,HELPER!$C$7:$C$47,HELPER!$D$7:$D$47,,1),"")
B21: 5 | C21: =IFERROR(IF(OR($B$8="INCORRECT SHEET. Do not use this sheet to input data.",'INPUT DATA'!O15=""),"",'INPUT DATA'!O15),"") | N21: =IF(COUNT(D21:M21)=0,"",SUM(D21:M21)) | O21: =IFERROR(IF(N21="","",ROUND(N21/N$14*O$14,2)),"") | P21: =IFERROR(IF(O21="","",ROUND(O21*P$14,2)),"") | AA21: =IF(COUNT(Q21:Z21)=0,"",SUM(Q21:Z21)) | AB21: =IFERROR(IF(AA21="","",ROUND(AA21/AA$14*AB$14,2)),"") | AC21: =IFERROR(IF(AB21="","",ROUND(AB21*AC$14,2)),"") | AG21: =IFERROR(IF(AD21="","",ROUND(AD21/$AD$14*$AG$14,2)),"") | AH21: =IFERROR(IF(AE21="","",ROUND(AE21/$AE$14*$AH$14,2)),"") | AI21: =IFERROR(IF(AF21="","",ROUND(AF21/$AF$14*$AI$14,2)),"") | AJ21: =IF($AD$12=0,"",IF(OR(AG21<>"",AH21<>"",AI21<>""),(SUM(AG21:AI21)/SUM($AG$14:$AI$14))*$AJ$14,"")) | AK21: =IFERROR(IF(AJ21="","",ROUND(AJ21*$AK$14,2)),"") | AL21: =IF(AND(C21<>"",P21<>"",AC21<>"",$AD$12=0),SUM(P21,AC21),IF(AND(C21<>"",P21<>"",AC21<>"",AK21<>"",$D$12>0,$Q$12>0,$AD$12>0),SUM(P21,AC21,AK21),"")) | AM21: =IFERROR(_xlfn.XLOOKUP(AL21,HELPER!$C$7:$C$47,HELPER!$D$7:$D$47,,1),"")
B22: 6 | C22: =IFERROR(IF(OR($B$8="INCORRECT SHEET. Do not use this sheet to input data.",'INPUT DATA'!O16=""),"",'INPUT DATA'!O16),"") | N22: =IF(COUNT(D22:M22)=0,"",SUM(D22:M22)) | O22: =IFERROR(IF(N22="","",ROUND(N22/N$14*O$14,2)),"") | P22: =IFERROR(IF(O22="","",ROUND(O22*P$14,2)),"") | AA22: =IF(COUNT(Q22:Z22)=0,"",SUM(Q22:Z22)) | AB22: =IFERROR(IF(AA22="","",ROUND(AA22/AA$14*AB$14,2)),"") | AC22: =IFERROR(IF(AB22="","",ROUND(AB22*AC$14,2)),"") | AG22: =IFERROR(IF(AD22="","",ROUND(AD22/$AD$14*$AG$14,2)),"") | AH22: =IFERROR(IF(AE22="","",ROUND(AE22/$AE$14*$AH$14,2)),"") | AI22: =IFERROR(IF(AF22="","",ROUND(AF22/$AF$14*$AI$14,2)),"") | AJ22: =IF($AD$12=0,"",IF(OR(AG22<>"",AH22<>"",AI22<>""),(SUM(AG22:AI22)/SUM($AG$14:$AI$14))*$AJ$14,"")) | AK22: =IFERROR(IF(AJ22="","",ROUND(AJ22*$AK$14,2)),"") | AL22: =IF(AND(C22<>"",P22<>"",AC22<>"",$AD$12=0),SUM(P22,AC22),IF(AND(C22<>"",P22<>"",AC22<>"",AK22<>"",$D$12>0,$Q$12>0,$AD$12>0),SUM(P22,AC22,AK22),"")) | AM22: =IFERROR(_xlfn.XLOOKUP(AL22,HELPER!$C$7:$C$47,HELPER!$D$7:$D$47,,1),"")
B23: 7 | C23: =IFERROR(IF(OR($B$8="INCORRECT SHEET. Do not use this sheet to input data.",'INPUT DATA'!O17=""),"",'INPUT DATA'!O17),"") | N23: =IF(COUNT(D23:M23)=0,"",SUM(D23:M23)) | O23: =IFERROR(IF(N23="","",ROUND(N23/N$14*O$14,2)),"") | P23: =IFERROR(IF(O23="","",ROUND(O23*P$14,2)),"") | AA23: =IF(COUNT(Q23:Z23)=0,"",SUM(Q23:Z23)) | AB23: =IFERROR(IF(AA23="","",ROUND(AA23/AA$14*AB$14,2)),"") | AC23: =IFERROR(IF(AB23="","",ROUND(AB23*AC$14,2)),"") | AG23: =IFERROR(IF(AD23="","",ROUND(AD23/$AD$14*$AG$14,2)),"") | AH23: =IFERROR(IF(AE23="","",ROUND(AE23/$AE$14*$AH$14,2)),"") | AI23: =IFERROR(IF(AF23="","",ROUND(AF23/$AF$14*$AI$14,2)),"") | AJ23: =IF($AD$12=0,"",IF(OR(AG23<>"",AH23<>"",AI23<>""),(SUM(AG23:AI23)/SUM($AG$14:$AI$14))*$AJ$14,"")) | AK23: =IFERROR(IF(AJ23="","",ROUND(AJ23*$AK$14,2)),"") | AL23: =IF(AND(C23<>"",P23<>"",AC23<>"",$AD$12=0),SUM(P23,AC23),IF(AND(C23<>"",P23<>"",AC23<>"",AK23<>"",$D$12>0,$Q$12>0,$AD$12>0),SUM(P23,AC23,AK23),"")) | AM23: =IFERROR(_xlfn.XLOOKUP(AL23,HELPER!$C$7:$C$47,HELPER!$D$7:$D$47,,1),"")
B24: 8 | C24: =IFERROR(IF(OR($B$8="INCORRECT SHEET. Do not use this sheet to input data.",'INPUT DATA'!O18=""),"",'INPUT DATA'!O18),"") | N24: =IF(COUNT(D24:M24)=0,"",SUM(D24:M24)) | O24: =IFERROR(IF(N24="","",ROUND(N24/N$14*O$14,2)),"") | P24: =IFERROR(IF(O24="","",ROUND(O24*P$14,2)),"") | AA24: =IF(COUNT(Q24:Z24)=0,"",SUM(Q24:Z24)) | AB24: =IFERROR(IF(AA24="","",ROUND(AA24/AA$14*AB$14,2)),"") | AC24: =IFERROR(IF(AB24="","",ROUND(AB24*AC$14,2)),"") | AG24: =IFERROR(IF(AD24="","",ROUND(AD24/$AD$14*$AG$14,2)),"") | AH24: =IFERROR(IF(AE24="","",ROUND(AE24/$AE$14*$AH$14,2)),"") | AI24: =IFERROR(IF(AF24="","",ROUND(AF24/$AF$14*$AI$14,2)),"") | AJ24: =IF($AD$12=0,"",IF(OR(AG24<>"",AH24<>"",AI24<>""),(SUM(AG24:AI24)/SUM($AG$14:$AI$14))*$AJ$14,"")) | AK24: =IFERROR(IF(AJ24="","",ROUND(AJ24*$AK$14,2)),"") | AL24: =IF(AND(C24<>"",P24<>"",AC24<>"",$AD$12=0),SUM(P24,AC24),IF(AND(C24<>"",P24<>"",AC24<>"",AK24<>"",$D$12>0,$Q$12>0,$AD$12>0),SUM(P24,AC24,AK24),"")) | AM24: =IFERROR(_xlfn.XLOOKUP(AL24,HELPER!$C$7:$C$47,HELPER!$D$7:$D$47,,1),"")
B25: 9 | C25: =IFERROR(IF(OR($B$8="INCORRECT SHEET. Do not use this sheet to input data.",'INPUT DATA'!O19=""),"",'INPUT DATA'!O19),"") | N25: =IF(COUNT(D25:M25)=0,"",SUM(D25:M25)) | O25: =IFERROR(IF(N25="","",ROUND(N25/N$14*O$14,2)),"") | P25: =IFERROR(IF(O25="","",ROUND(O25*P$14,2)),"") | AA25: =IF(COUNT(Q25:Z25)=0,"",SUM(Q25:Z25)) | AB25: =IFERROR(IF(AA25="","",ROUND(AA25/AA$14*AB$14,2)),"") | AC25: =IFERROR(IF(AB25="","",ROUND(AB25*AC$14,2)),"") | AG25: =IFERROR(IF(AD25="","",ROUND(AD25/$AD$14*$AG$14,2)),"") | AH25: =IFERROR(IF(AE25="","",ROUND(AE25/$AE$14*$AH$14,2)),"") | AI25: =IFERROR(IF(AF25="","",ROUND(AF25/$AF$14*$AI$14,2)),"") | AJ25: =IF($AD$12=0,"",IF(OR(AG25<>"",AH25<>"",AI25<>""),(SUM(AG25:AI25)/SUM($AG$14:$AI$14))*$AJ$14,"")) | AK25: =IFERROR(IF(AJ25="","",ROUND(AJ25*$AK$14,2)),"") | AL25: =IF(AND(C25<>"",P25<>"",AC25<>"",$AD$12=0),SUM(P25,AC25),IF(AND(C25<>"",P25<>"",AC25<>"",AK25<>"",$D$12>0,$Q$12>0,$AD$12>0),SUM(P25,AC25,AK25),"")) | AM25: =IFERROR(_xlfn.XLOOKUP(AL25,HELPER!$C$7:$C$47,HELPER!$D$7:$D$47,,1),"")
B26: 10 | C26: =IFERROR(IF(OR($B$8="INCORRECT SHEET. Do not use this sheet to input data.",'INPUT DATA'!O20=""),"",'INPUT DATA'!O20),"") | N26: =IF(COUNT(D26:M26)=0,"",SUM(D26:M26)) | O26: =IFERROR(IF(N26="","",ROUND(N26/N$14*O$14,2)),"") | P26: =IFERROR(IF(O26="","",ROUND(O26*P$14,2)),"") | AA26: =IF(COUNT(Q26:Z26)=0,"",SUM(Q26:Z26)) | AB26: =IFERROR(IF(AA26="","",ROUND(AA26/AA$14*AB$14,2)),"") | AC26: =IFERROR(IF(AB26="","",ROUND(AB26*AC$14,2)),"") | AG26: =IFERROR(IF(AD26="","",ROUND(AD26/$AD$14*$AG$14,2)),"") | AH26: =IFERROR(IF(AE26="","",ROUND(AE26/$AE$14*$AH$14,2)),"") | AI26: =IFERROR(IF(AF26="","",ROUND(AF26/$AF$14*$AI$14,2)),"") | AJ26: =IF($AD$12=0,"",IF(OR(AG26<>"",AH26<>"",AI26<>""),(SUM(AG26:AI26)/SUM($AG$14:$AI$14))*$AJ$14,"")) | AK26: =IFERROR(IF(AJ26="","",ROUND(AJ26*$AK$14,2)),"") | AL26: =IF(AND(C26<>"",P26<>"",AC26<>"",$AD$12=0),SUM(P26,AC26),IF(AND(C26<>"",P26<>"",AC26<>"",AK26<>"",$D$12>0,$Q$12>0,$AD$12>0),SUM(P26,AC26,AK26),"")) | AM26: =IFERROR(_xlfn.XLOOKUP(AL26,HELPER!$C$7:$C$47,HELPER!$D$7:$D$47,,1),"")
B27: 11 | C27: =IFERROR(IF(OR($B$8="INCORRECT SHEET. Do not use this sheet to input data.",'INPUT DATA'!O21=""),"",'INPUT DATA'!O21),"") | N27: =IF(COUNT(D27:M27)=0,"",SUM(D27:M27)) | O27: =IFERROR(IF(N27="","",ROUND(N27/N$14*O$14,2)),"") | P27: =IFERROR(IF(O27="","",ROUND(O27*P$14,2)),"") | AA27: =IF(COUNT(Q27:Z27)=0,"",SUM(Q27:Z27)) | AB27: =IFERROR(IF(AA27="","",ROUND(AA27/AA$14*AB$14,2)),"") | AC27: =IFERROR(IF(AB27="","",ROUND(AB27*AC$14,2)),"") | AG27: =IFERROR(IF(AD27="","",ROUND(AD27/$AD$14*$AG$14,2)),"") | AH27: =IFERROR(IF(AE27="","",ROUND(AE27/$AE$14*$AH$14,2)),"") | AI27: =IFERROR(IF(AF27="","",ROUND(AF27/$AF$14*$AI$14,2)),"") | AJ27: =IF($AD$12=0,"",IF(OR(AG27<>"",AH27<>"",AI27<>""),(SUM(AG27:AI27)/SUM($AG$14:$AI$14))*$AJ$14,"")) | AK27: =IFERROR(IF(AJ27="","",ROUND(AJ27*$AK$14,2)),"") | AL27: =IF(AND(C27<>"",P27<>"",AC27<>"",$AD$12=0),SUM(P27,AC27),IF(AND(C27<>"",P27<>"",AC27<>"",AK27<>"",$D$12>0,$Q$12>0,$AD$12>0),SUM(P27,AC27,AK27),"")) | AM27: =IFERROR(_xlfn.XLOOKUP(AL27,HELPER!$C$7:$C$47,HELPER!$D$7:$D$47,,1),"")
B28: 12 | C28: =IFERROR(IF(OR($B$8="INCORRECT SHEET. Do not use this sheet to input data.",'INPUT DATA'!O22=""),"",'INPUT DATA'!O22),"") | N28: =IF(COUNT(D28:M28)=0,"",SUM(D28:M28)) | O28: =IFERROR(IF(N28="","",ROUND(N28/N$14*O$14,2)),"") | P28: =IFERROR(IF(O28="","",ROUND(O28*P$14,2)),"") | AA28: =IF(COUNT(Q28:Z28)=0,"",SUM(Q28:Z28)) | AB28: =IFERROR(IF(AA28="","",ROUND(AA28/AA$14*AB$14,2)),"") | AC28: =IFERROR(IF(AB28="","",ROUND(AB28*AC$14,2)),"") | AG28: =IFERROR(IF(AD28="","",ROUND(AD28/$AD$14*$AG$14,2)),"") | AH28: =IFERROR(IF(AE28="","",ROUND(AE28/$AE$14*$AH$14,2)),"") | AI28: =IFERROR(IF(AF28="","",ROUND(AF28/$AF$14*$AI$14,2)),"") | AJ28: =IF($AD$12=0,"",IF(OR(AG28<>"",AH28<>"",AI28<>""),(SUM(AG28:AI28)/SUM($AG$14:$AI$14))*$AJ$14,"")) | AK28: =IFERROR(IF(AJ28="","",ROUND(AJ28*$AK$14,2)),"") | AL28: =IF(AND(C28<>"",P28<>"",AC28<>"",$AD$12=0),SUM(P28,AC28),IF(AND(C28<>"",P28<>"",AC28<>"",AK28<>"",$D$12>0,$Q$12>0,$AD$12>0),SUM(P28,AC28,AK28),"")) | AM28: =IFERROR(_xlfn.XLOOKUP(AL28,HELPER!$C$7:$C$47,HELPER!$D$7:$D$47,,1),"")
... B66: 50 | C66: =IFERROR(IF(OR($B$8="INCORRECT SHEET. Do not use this sheet to input data.",'INPUT DATA'!O60=""),"",'INPUT DATA'!O60),"") | N66: =IF(COUNT(D66:M66)=0,"",SUM(D66:M66)) | O66: =IFERROR(IF(N66="","",ROUND(N66/N$14*O$14,2)),"") | P66: =IFERROR(IF(O66="","",ROUND(O66*P$14,2)),"") | AA66: =IF(COUNT(Q66:Z66)=0,"",SUM(Q66:Z66)) | AB66: =IFERROR(IF(AA66="","",ROUND(AA66/AA$14*AB$14,2)),"") | AC66: =IFERROR(IF(AB66="","",ROUND(AB66*AC$14,2)),"") | AG66: =IFERROR(IF(AD66="","",ROUND(AD66/$AD$14*$AG$14,2)),"") | AH66: =IFERROR(IF(AE66="","",ROUND(AE66/$AE$14*$AH$14,2)),"") | AI66: =IFERROR(IF(AF66="","",ROUND(AF66/$AF$14*$AI$14,2)),"") | AJ66: =IF($AD$12=0,"",IF(OR(AG66<>"",AH66<>"",AI66<>""),(SUM(AG66:AI66)/SUM($AG$14:$AI$14))*$AJ$14,"")) | AK66: =IFERROR(IF(AJ66="","",ROUND(AJ66*$AK$14,2)),"") | AL66: =IF(AND(C66<>"",P66<>"",AC66<>"",$AD$12=0),SUM(P66,AC66),IF(AND(C66<>"",P66<>"",AC66<>"",AK66<>"",$D$12>0,$Q$12>0,$AD$12>0),SUM(P66,AC66,AK66),"")) | AM66: =IFERROR(_xlfn.XLOOKUP(AL66,HELPER!$C$7:$C$47,HELPER!$D$7:$D$47,,1),"")
B67: FEMALE
B68: 1 | C68: =IFERROR(IF(OR($B$8="INCORRECT SHEET. Do not use this sheet to input data.",'INPUT DATA'!S11=""),"",'INPUT DATA'!S11),"") | N68: =IF(COUNT(D68:M68)=0,"",SUM(D68:M68)) | O68: =IFERROR(IF(N68="","",ROUND(N68/N$14*O$14,2)),"") | P68: =IFERROR(IF(O68="","",ROUND(O68*P$14,2)),"") | AA68: =IF(COUNT(Q68:Z68)=0,"",SUM(Q68:Z68)) | AB68: =IFERROR(IF(AA68="","",ROUND(AA68/AA$14*AB$14,2)),"") | AC68: =IFERROR(IF(AB68="","",ROUND(AB68*AC$14,2)),"") | AG68: =IFERROR(IF(AD68="","",ROUND(AD68/$AD$14*$AG$14,2)),"") | AH68: =IFERROR(IF(AE68="","",ROUND(AE68/$AE$14*$AH$14,2)),"") | AI68: =IFERROR(IF(AF68="","",ROUND(AF68/$AF$14*$AI$14,2)),"") | AJ68: =IF($AD$12=0,"",IF(OR(AG68<>"",AH68<>"",AI68<>""),(SUM(AG68:AI68)/SUM($AG$14:$AI$14))*$AJ$14,"")) | AK68: =IFERROR(IF(AJ68="","",ROUND(AJ68*$AK$14,2)),"") | AL68: =IF(AND(C68<>"",P68<>"",AC68<>"",$AD$12=0),SUM(P68,AC68),IF(AND(C68<>"",P68<>"",AC68<>"",AK68<>"",$D$12>0,$Q$12>0,$AD$12>0),SUM(P68,AC68,AK68),"")) | AM68: =IFERROR(_xlfn.XLOOKUP(AL68,HELPER!$C$7:$C$47,HELPER!$D$7:$D$47,,1),"")
B69: 2 | C69: =IFERROR(IF(OR($B$8="INCORRECT SHEET. Do not use this sheet to input data.",'INPUT DATA'!S12=""),"",'INPUT DATA'!S12),"") | N69: =IF(COUNT(D69:M69)=0,"",SUM(D69:M69)) | O69: =IFERROR(IF(N69="","",ROUND(N69/N$14*O$14,2)),"") | P69: =IFERROR(IF(O69="","",ROUND(O69*P$14,2)),"") | AA69: =IF(COUNT(Q69:Z69)=0,"",SUM(Q69:Z69)) | AB69: =IFERROR(IF(AA69="","",ROUND(AA69/AA$14*AB$14,2)),"") | AC69: =IFERROR(IF(AB69="","",ROUND(AB69*AC$14,2)),"") | AG69: =IFERROR(IF(AD69="","",ROUND(AD69/$AD$14*$AG$14,2)),"") | AH69: =IFERROR(IF(AE69="","",ROUND(AE69/$AE$14*$AH$14,2)),"") | AI69: =IFERROR(IF(AF69="","",ROUND(AF69/$AF$14*$AI$14,2)),"") | AJ69: =IF($AD$12=0,"",IF(OR(AG69<>"",AH69<>"",AI69<>""),(SUM(AG69:AI69)/SUM($AG$14:$AI$14))*$AJ$14,"")) | AK69: =IFERROR(IF(AJ69="","",ROUND(AJ69*$AK$14,2)),"") | AL69: =IF(AND(C69<>"",P69<>"",AC69<>"",$AD$12=0),SUM(P69,AC69),IF(AND(C69<>"",P69<>"",AC69<>"",AK69<>"",$D$12>0,$Q$12>0,$AD$12>0),SUM(P69,AC69,AK69),"")) | AM69: =IFERROR(_xlfn.XLOOKUP(AL69,HELPER!$C$7:$C$47,HELPER!$D$7:$D$47,,1),"")
B70: 3 | C70: =IFERROR(IF(OR($B$8="INCORRECT SHEET. Do not use this sheet to input data.",'INPUT DATA'!S13=""),"",'INPUT DATA'!S13),"") | N70: =IF(COUNT(D70:M70)=0,"",SUM(D70:M70)) | O70: =IFERROR(IF(N70="","",ROUND(N70/N$14*O$14,2)),"") | P70: =IFERROR(IF(O70="","",ROUND(O70*P$14,2)),"") | AA70: =IF(COUNT(Q70:Z70)=0,"",SUM(Q70:Z70)) | AB70: =IFERROR(IF(AA70="","",ROUND(AA70/AA$14*AB$14,2)),"") | AC70: =IFERROR(IF(AB70="","",ROUND(AB70*AC$14,2)),"") | AG70: =IFERROR(IF(AD70="","",ROUND(AD70/$AD$14*$AG$14,2)),"") | AH70: =IFERROR(IF(AE70="","",ROUND(AE70/$AE$14*$AH$14,2)),"") | AI70: =IFERROR(IF(AF70="","",ROUND(AF70/$AF$14*$AI$14,2)),"") | AJ70: =IF($AD$12=0,"",IF(OR(AG70<>"",AH70<>"",AI70<>""),(SUM(AG70:AI70)/SUM($AG$14:$AI$14))*$AJ$14,"")) | AK70: =IFERROR(IF(AJ70="","",ROUND(AJ70*$AK$14,2)),"") | AL70: =IF(AND(C70<>"",P70<>"",AC70<>"",$AD$12=0),SUM(P70,AC70),IF(AND(C70<>"",P70<>"",AC70<>"",AK70<>"",$D$12>0,$Q$12>0,$AD$12>0),SUM(P70,AC70,AK70),"")) | AM70: =IFERROR(_xlfn.XLOOKUP(AL70,HELPER!$C$7:$C$47,HELPER!$D$7:$D$47,,1),"")
B71: 4 | C71: =IFERROR(IF(OR($B$8="INCORRECT SHEET. Do not use this sheet to input data.",'INPUT DATA'!S14=""),"",'INPUT DATA'!S14),"") | N71: =IF(COUNT(D71:M71)=0,"",SUM(D71:M71)) | O71: =IFERROR(IF(N71="","",ROUND(N71/N$14*O$14,2)),"") | P71: =IFERROR(IF(O71="","",ROUND(O71*P$14,2)),"") | AA71: =IF(COUNT(Q71:Z71)=0,"",SUM(Q71:Z71)) | AB71: =IFERROR(IF(AA71="","",ROUND(AA71/AA$14*AB$14,2)),"") | AC71: =IFERROR(IF(AB71="","",ROUND(AB71*AC$14,2)),"") | AG71: =IFERROR(IF(AD71="","",ROUND(AD71/$AD$14*$AG$14,2)),"") | AH71: =IFERROR(IF(AE71="","",ROUND(AE71/$AE$14*$AH$14,2)),"") | AI71: =IFERROR(IF(AF71="","",ROUND(AF71/$AF$14*$AI$14,2)),"") | AJ71: =IF($AD$12=0,"",IF(OR(AG71<>"",AH71<>"",AI71<>""),(SUM(AG71:AI71)/SUM($AG$14:$AI$14))*$AJ$14,"")) | AK71: =IFERROR(IF(AJ71="","",ROUND(AJ71*$AK$14,2)),"") | AL71: =IF(AND(C71<>"",P71<>"",AC71<>"",$AD$12=0),SUM(P71,AC71),IF(AND(C71<>"",P71<>"",AC71<>"",AK71<>"",$D$12>0,$Q$12>0,$AD$12>0),SUM(P71,AC71,AK71),"")) | AM71: =IFERROR(_xlfn.XLOOKUP(AL71,HELPER!$C$7:$C$47,HELPER!$D$7:$D$47,,1),"")
B72: 5 | C72: =IFERROR(IF(OR($B$8="INCORRECT SHEET. Do not use this sheet to input data.",'INPUT DATA'!S15=""),"",'INPUT DATA'!S15),"") | N72: =IF(COUNT(D72:M72)=0,"",SUM(D72:M72)) | O72: =IFERROR(IF(N72="","",ROUND(N72/N$14*O$14,2)),"") | P72: =IFERROR(IF(O72="","",ROUND(O72*P$14,2)),"") | AA72: =IF(COUNT(Q72:Z72)=0,"",SUM(Q72:Z72)) | AB72: =IFERROR(IF(AA72="","",ROUND(AA72/AA$14*AB$14,2)),"") | AC72: =IFERROR(IF(AB72="","",ROUND(AB72*AC$14,2)),"") | AG72: =IFERROR(IF(AD72="","",ROUND(AD72/$AD$14*$AG$14,2)),"") | AH72: =IFERROR(IF(AE72="","",ROUND(AE72/$AE$14*$AH$14,2)),"") | AI72: =IFERROR(IF(AF72="","",ROUND(AF72/$AF$14*$AI$14,2)),"") | AJ72: =IF($AD$12=0,"",IF(OR(AG72<>"",AH72<>"",AI72<>""),(SUM(AG72:AI72)/SUM($AG$14:$AI$14))*$AJ$14,"")) | AK72: =IFERROR(IF(AJ72="","",ROUND(AJ72*$AK$14,2)),"") | AL72: =IF(AND(C72<>"",P72<>"",AC72<>"",$AD$12=0),SUM(P72,AC72),IF(AND(C72<>"",P72<>"",AC72<>"",AK72<>"",$D$12>0,$Q$12>0,$AD$12>0),SUM(P72,AC72,AK72),"")) | AM72: =IFERROR(_xlfn.XLOOKUP(AL72,HELPER!$C$7:$C$47,HELPER!$D$7:$D$47,,1),"")
B73: 6 | C73: =IFERROR(IF(OR($B$8="INCORRECT SHEET. Do not use this sheet to input data.",'INPUT DATA'!S16=""),"",'INPUT DATA'!S16),"") | N73: =IF(COUNT(D73:M73)=0,"",SUM(D73:M73)) | O73: =IFERROR(IF(N73="","",ROUND(N73/N$14*O$14,2)),"") | P73: =IFERROR(IF(O73="","",ROUND(O73*P$14,2)),"") | AA73: =IF(COUNT(Q73:Z73)=0,"",SUM(Q73:Z73)) | AB73: =IFERROR(IF(AA73="","",ROUND(AA73/AA$14*AB$14,2)),"") | AC73: =IFERROR(IF(AB73="","",ROUND(AB73*AC$14,2)),"") | AG73: =IFERROR(IF(AD73="","",ROUND(AD73/$AD$14*$AG$14,2)),"") | AH73: =IFERROR(IF(AE73="","",ROUND(AE73/$AE$14*$AH$14,2)),"") | AI73: =IFERROR(IF(AF73="","",ROUND(AF73/$AF$14*$AI$14,2)),"") | AJ73: =IF($AD$12=0,"",IF(OR(AG73<>"",AH73<>"",AI73<>""),(SUM(AG73:AI73)/SUM($AG$14:$AI$14))*$AJ$14,"")) | AK73: =IFERROR(IF(AJ73="","",ROUND(AJ73*$AK$14,2)),"") | AL73: =IF(AND(C73<>"",P73<>"",AC73<>"",$AD$12=0),SUM(P73,AC73),IF(AND(C73<>"",P73<>"",AC73<>"",AK73<>"",$D$12>0,$Q$12>0,$AD$12>0),SUM(P73,AC73,AK73),"")) | AM73: =IFERROR(_xlfn.XLOOKUP(AL73,HELPER!$C$7:$C$47,HELPER!$D$7:$D$47,,1),"")
B74: 7 | C74: =IFERROR(IF(OR($B$8="INCORRECT SHEET. Do not use this sheet to input data.",'INPUT DATA'!S17=""),"",'INPUT DATA'!S17),"") | N74: =IF(COUNT(D74:M74)=0,"",SUM(D74:M74)) | O74: =IFERROR(IF(N74="","",ROUND(N74/N$14*O$14,2)),"") | P74: =IFERROR(IF(O74="","",ROUND(O74*P$14,2)),"") | AA74: =IF(COUNT(Q74:Z74)=0,"",SUM(Q74:Z74)) | AB74: =IFERROR(IF(AA74="","",ROUND(AA74/AA$14*AB$14,2)),"") | AC74: =IFERROR(IF(AB74="","",ROUND(AB74*AC$14,2)),"") | AG74: =IFERROR(IF(AD74="","",ROUND(AD74/$AD$14*$AG$14,2)),"") | AH74: =IFERROR(IF(AE74="","",ROUND(AE74/$AE$14*$AH$14,2)),"") | AI74: =IFERROR(IF(AF74="","",ROUND(AF74/$AF$14*$AI$14,2)),"") | AJ74: =IF($AD$12=0,"",IF(OR(AG74<>"",AH74<>"",AI74<>""),(SUM(AG74:AI74)/SUM($AG$14:$AI$14))*$AJ$14,"")) | AK74: =IFERROR(IF(AJ74="","",ROUND(AJ74*$AK$14,2)),"") | AL74: =IF(AND(C74<>"",P74<>"",AC74<>"",$AD$12=0),SUM(P74,AC74),IF(AND(C74<>"",P74<>"",AC74<>"",AK74<>"",$D$12>0,$Q$12>0,$AD$12>0),SUM(P74,AC74,AK74),"")) | AM74: =IFERROR(_xlfn.XLOOKUP(AL74,HELPER!$C$7:$C$47,HELPER!$D$7:$D$47,,1),"")
B75: 8 | C75: =IFERROR(IF(OR($B$8="INCORRECT SHEET. Do not use this sheet to input data.",'INPUT DATA'!S18=""),"",'INPUT DATA'!S18),"") | N75: =IF(COUNT(D75:M75)=0,"",SUM(D75:M75)) | O75: =IFERROR(IF(N75="","",ROUND(N75/N$14*O$14,2)),"") | P75: =IFERROR(IF(O75="","",ROUND(O75*P$14,2)),"") | AA75: =IF(COUNT(Q75:Z75)=0,"",SUM(Q75:Z75)) | AB75: =IFERROR(IF(AA75="","",ROUND(AA75/AA$14*AB$14,2)),"") | AC75: =IFERROR(IF(AB75="","",ROUND(AB75*AC$14,2)),"") | AG75: =IFERROR(IF(AD75="","",ROUND(AD75/$AD$14*$AG$14,2)),"") | AH75: =IFERROR(IF(AE75="","",ROUND(AE75/$AE$14*$AH$14,2)),"") | AI75: =IFERROR(IF(AF75="","",ROUND(AF75/$AF$14*$AI$14,2)),"") | AJ75: =IF($AD$12=0,"",IF(OR(AG75<>"",AH75<>"",AI75<>""),(SUM(AG75:AI75)/SUM($AG$14:$AI$14))*$AJ$14,"")) | AK75: =IFERROR(IF(AJ75="","",ROUND(AJ75*$AK$14,2)),"") | AL75: =IF(AND(C75<>"",P75<>"",AC75<>"",$AD$12=0),SUM(P75,AC75),IF(AND(C75<>"",P75<>"",AC75<>"",AK75<>"",$D$12>0,$Q$12>0,$AD$12>0),SUM(P75,AC75,AK75),"")) | AM75: =IFERROR(_xlfn.XLOOKUP(AL75,HELPER!$C$7:$C$47,HELPER!$D$7:$D$47,,1),"")
B76: 9 | C76: =IFERROR(IF(OR($B$8="INCORRECT SHEET. Do not use this sheet to input data.",'INPUT DATA'!S19=""),"",'INPUT DATA'!S19),"") | N76: =IF(COUNT(D76:M76)=0,"",SUM(D76:M76)) | O76: =IFERROR(IF(N76="","",ROUND(N76/N$14*O$14,2)),"") | P76: =IFERROR(IF(O76="","",ROUND(O76*P$14,2)),"") | AA76: =IF(COUNT(Q76:Z76)=0,"",SUM(Q76:Z76)) | AB76: =IFERROR(IF(AA76="","",ROUND(AA76/AA$14*AB$14,2)),"") | AC76: =IFERROR(IF(AB76="","",ROUND(AB76*AC$14,2)),"") | AG76: =IFERROR(IF(AD76="","",ROUND(AD76/$AD$14*$AG$14,2)),"") | AH76: =IFERROR(IF(AE76="","",ROUND(AE76/$AE$14*$AH$14,2)),"") | AI76: =IFERROR(IF(AF76="","",ROUND(AF76/$AF$14*$AI$14,2)),"") | AJ76: =IF($AD$12=0,"",IF(OR(AG76<>"",AH76<>"",AI76<>""),(SUM(AG76:AI76)/SUM($AG$14:$AI$14))*$AJ$14,"")) | AK76: =IFERROR(IF(AJ76="","",ROUND(AJ76*$AK$14,2)),"") | AL76: =IF(AND(C76<>"",P76<>"",AC76<>"",$AD$12=0),SUM(P76,AC76),IF(AND(C76<>"",P76<>"",AC76<>"",AK76<>"",$D$12>0,$Q$12>0,$AD$12>0),SUM(P76,AC76,AK76),"")) | AM76: =IFERROR(_xlfn.XLOOKUP(AL76,HELPER!$C$7:$C$47,HELPER!$D$7:$D$47,,1),"")
B77: 10 | C77: =IFERROR(IF(OR($B$8="INCORRECT SHEET. Do not use this sheet to input data.",'INPUT DATA'!S20=""),"",'INPUT DATA'!S20),"") | N77: =IF(COUNT(D77:M77)=0,"",SUM(D77:M77)) | O77: =IFERROR(IF(N77="","",ROUND(N77/N$14*O$14,2)),"") | P77: =IFERROR(IF(O77="","",ROUND(O77*P$14,2)),"") | AA77: =IF(COUNT(Q77:Z77)=0,"",SUM(Q77:Z77)) | AB77: =IFERROR(IF(AA77="","",ROUND(AA77/AA$14*AB$14,2)),"") | AC77: =IFERROR(IF(AB77="","",ROUND(AB77*AC$14,2)),"") | AG77: =IFERROR(IF(AD77="","",ROUND(AD77/$AD$14*$AG$14,2)),"") | AH77: =IFERROR(IF(AE77="","",ROUND(AE77/$AE$14*$AH$14,2)),"") | AI77: =IFERROR(IF(AF77="","",ROUND(AF77/$AF$14*$AI$14,2)),"") | AJ77: =IF($AD$12=0,"",IF(OR(AG77<>"",AH77<>"",AI77<>""),(SUM(AG77:AI77)/SUM($AG$14:$AI$14))*$AJ$14,"")) | AK77: =IFERROR(IF(AJ77="","",ROUND(AJ77*$AK$14,2)),"") | AL77: =IF(AND(C77<>"",P77<>"",AC77<>"",$AD$12=0),SUM(P77,AC77),IF(AND(C77<>"",P77<>"",AC77<>"",AK77<>"",$D$12>0,$Q$12>0,$AD$12>0),SUM(P77,AC77,AK77),"")) | AM77: =IFERROR(_xlfn.XLOOKUP(AL77,HELPER!$C$7:$C$47,HELPER!$D$7:$D$47,,1),"")
B78: 11 | C78: =IFERROR(IF(OR($B$8="INCORRECT SHEET. Do not use this sheet to input data.",'INPUT DATA'!S21=""),"",'INPUT DATA'!S21),"") | N78: =IF(COUNT(D78:M78)=0,"",SUM(D78:M78)) | O78: =IFERROR(IF(N78="","",ROUND(N78/N$14*O$14,2)),"") | P78: =IFERROR(IF(O78="","",ROUND(O78*P$14,2)),"") | AA78: =IF(COUNT(Q78:Z78)=0,"",SUM(Q78:Z78)) | AB78: =IFERROR(IF(AA78="","",ROUND(AA78/AA$14*AB$14,2)),"") | AC78: =IFERROR(IF(AB78="","",ROUND(AB78*AC$14,2)),"") | AG78: =IFERROR(IF(AD78="","",ROUND(AD78/$AD$14*$AG$14,2)),"") | AH78: =IFERROR(IF(AE78="","",ROUND(AE78/$AE$14*$AH$14,2)),"") | AI78: =IFERROR(IF(AF78="","",ROUND(AF78/$AF$14*$AI$14,2)),"") | AJ78: =IF($AD$12=0,"",IF(OR(AG78<>"",AH78<>"",AI78<>""),(SUM(AG78:AI78)/SUM($AG$14:$AI$14))*$AJ$14,"")) | AK78: =IFERROR(IF(AJ78="","",ROUND(AJ78*$AK$14,2)),"") | AL78: =IF(AND(C78<>"",P78<>"",AC78<>"",$AD$12=0),SUM(P78,AC78),IF(AND(C78<>"",P78<>"",AC78<>"",AK78<>"",$D$12>0,$Q$12>0,$AD$12>0),SUM(P78,AC78,AK78),"")) | AM78: =IFERROR(_xlfn.XLOOKUP(AL78,HELPER!$C$7:$C$47,HELPER!$D$7:$D$47,,1),"")
B79: 12 | C79: =IFERROR(IF(OR($B$8="INCORRECT SHEET. Do not use this sheet to input data.",'INPUT DATA'!S22=""),"",'INPUT DATA'!S22),"") | N79: =IF(COUNT(D79:M79)=0,"",SUM(D79:M79)) | O79: =IFERROR(IF(N79="","",ROUND(N79/N$14*O$14,2)),"") | P79: =IFERROR(IF(O79="","",ROUND(O79*P$14,2)),"") | AA79: =IF(COUNT(Q79:Z79)=0,"",SUM(Q79:Z79)) | AB79: =IFERROR(IF(AA79="","",ROUND(AA79/AA$14*AB$14,2)),"") | AC79: =IFERROR(IF(AB79="","",ROUND(AB79*AC$14,2)),"") | AG79: =IFERROR(IF(AD79="","",ROUND(AD79/$AD$14*$AG$14,2)),"") | AH79: =IFERROR(IF(AE79="","",ROUND(AE79/$AE$14*$AH$14,2)),"") | AI79: =IFERROR(IF(AF79="","",ROUND(AF79/$AF$14*$AI$14,2)),"") | AJ79: =IF($AD$12=0,"",IF(OR(AG79<>"",AH79<>"",AI79<>""),(SUM(AG79:AI79)/SUM($AG$14:$AI$14))*$AJ$14,"")) | AK79: =IFERROR(IF(AJ79="","",ROUND(AJ79*$AK$14,2)),"") | AL79: =IF(AND(C79<>"",P79<>"",AC79<>"",$AD$12=0),SUM(P79,AC79),IF(AND(C79<>"",P79<>"",AC79<>"",AK79<>"",$D$12>0,$Q$12>0,$AD$12>0),SUM(P79,AC79,AK79),"")) | AM79: =IFERROR(_xlfn.XLOOKUP(AL79,HELPER!$C$7:$C$47,HELPER!$D$7:$D$47,,1),"")
... B117: 50 | C117: =IFERROR(IF(OR($B$8="INCORRECT SHEET. Do not use this sheet to input data.",'INPUT DATA'!S60=""),"",'INPUT DATA'!S60),"") | N117: =IF(COUNT(D117:M117)=0,"",SUM(D117:M117)) | O117: =IFERROR(IF(N117="","",ROUND(N117/N$14*O$14,2)),"") | P117: =IFERROR(IF(O117="","",ROUND(O117*P$14,2)),"") | AA117: =IF(COUNT(Q117:Z117)=0,"",SUM(Q117:Z117)) | AB117: =IFERROR(IF(AA117="","",ROUND(AA117/AA$14*AB$14,2)),"") | AC117: =IFERROR(IF(AB117="","",ROUND(AB117*AC$14,2)),"") | AG117: =IFERROR(IF(AD117="","",ROUND(AD117/$AD$14*$AG$14,2)),"") | AH117: =IFERROR(IF(AE117="","",ROUND(AE117/$AE$14*$AH$14,2)),"") | AI117: =IFERROR(IF(AF117="","",ROUND(AF117/$AF$14*$AI$14,2)),"") | AJ117: =IF($AD$12=0,"",IF(OR(AG117<>"",AH117<>"",AI117<>""),(SUM(AG117:AI117)/SUM($AG$14:$AI$14))*$AJ$14,"")) | AK117: =IFERROR(IF(AJ117="","",ROUND(AJ117*$AK$14,2)),"") | AL117: =IF(AND(C117<>"",P117<>"",AC117<>"",$AD$12=0),SUM(P117,AC117),IF(AND(C117<>"",P117<>"",AC117<>"",AK117<>"",$D$12>0,$Q$12>0,$AD$12>0),SUM(P117,AC117,AK117),"")) | AM117: =IFERROR(_xlfn.XLOOKUP(AL117,HELPER!$C$7:$C$47,HELPER!$D$7:$D$47,,1),"")
B118: x | D118: x | E118: x | F118: x | G118: x | H118: x | I118: x | J118: x | K118: x | L118: x | M118: x | N118: x | O118: x | P118: x | Q118: x | R118: x | S118: x | T118: x | U118: x | V118: x | W118: x | X118: x | Y118: x | Z118: x | AA118: x | AB118: x | AC118: x | AD118: x | AE118: x | AF118: x | AG118: x | AH118: x | AI118: x | AJ118: x | AK118: x | AL118: x | AM118: x
D120: {=_xlfn.SEQUENCE(D14+1,1,0,1)} -> 0 | E120: {=_xlfn.SEQUENCE(E14+1,1,0,1)} -> 0 | F120: {=_xlfn.SEQUENCE(F14+1,1,0,1)} -> 0 | G120: {=_xlfn.SEQUENCE(G14+1,1,0,1)} -> 0 | H120: {=_xlfn.SEQUENCE(H14+1,1,0,1)} -> 0 | I120: {=_xlfn.SEQUENCE(I14+1,1,0,1)} -> 0 | J120: {=_xlfn.SEQUENCE(J14+1,1,0,1)} -> 0 | K120: {=_xlfn.SEQUENCE(K14+1,1,0,1)} -> 0 | ... M120: {=_xlfn.SEQUENCE(M14+1,1,0,1)} -> 0 | Q120: {=_xlfn.SEQUENCE(Q14+1,1,0,1)} -> 0 | R120: {=_xlfn.SEQUENCE(R14+1,1,0,1)} -> 0 | S120: {=_xlfn.SEQUENCE(S14+1,1,0,1)} -> 0 | T120: {=_xlfn.SEQUENCE(T14+1,1,0,1)} -> 0 | U120: {=_xlfn.SEQUENCE(U14+1,1,0,1)} -> 0 | V120: {=_xlfn.SEQUENCE(V14+1,1,0,1)} -> 0 | W120: {=_xlfn.SEQUENCE(W14+1,1,0,1)} -> 0 | X120: {=_xlfn.SEQUENCE(X14+1,1,0,1)} -> 0 | ... Z120: {=_xlfn.SEQUENCE(Z14+1,1,0,1)} -> 0 | AD120: {=_xlfn.SEQUENCE(AD14+1,1,0,1)} -> 0 | AE120: {=_xlfn.SEQUENCE(AE14+1,1,0,1)} -> 0 | AF120: {=_xlfn.SEQUENCE(AF14+1,1,0,1)} -> 0

Sheet Term 3
B2: Strengthened Senior High School Class Record
B3: (Pursuant to DepEd Order 15, series of 2026)
G6: REGION | H6: =UPPER('INPUT DATA'!F10) -> REGION IV-A | O6: DIVISION | P6: =UPPER('INPUT DATA'!F11) -> CALAMBA CITY | Z6: SCHOOL ID | AA6: =IF('INPUT DATA'!F13="","",'INPUT DATA'!F13) -> 301518
G7: SCHOOL NAME | H7: =UPPER('INPUT DATA'!F14) -> EDUARDO BARRETTO SR. INTEGRATED SCHOOL | Z7: SCHOOL YEAR | AA7: ='INPUT DATA'!F16&" "&'INPUT DATA'!G16 -> 2026 – 2027
B8: =IF(OR(HELPER!G23="3RD",HELPER!G23="2ND & 3RD",HELPER!G23="1ST, 2ND, 3RD"),"","INCORRECT SHEET. Do not use this sheet to input data.")
B9: THIRD TERM | D9: GRADE LEVEL | H9: =IFERROR(IF(B8<>"INCORRECT SHEET. Do not use this sheet to input data.",'INPUT DATA'!F24,""),"") -> 11 | J9: SECTION | N9: =IFERROR(IF(B8<>"INCORRECT SHEET. Do not use this sheet to input data.",UPPER('INPUT DATA'!F25),""),"") -> MILKY WAY | Q9: SUBJECT | U9: =IFERROR(IF(B8<>"INCORRECT SHEET. Do not use this sheet to input data.",UPPER(HELPER!G10),""),"") -> GENERAL MATHEMATICS
D10: TEACHER | H10: =IFERROR(IF(B8<>"INCORRECT SHEET. Do not use this sheet to input data.",UPPER('INPUT DATA'!F22),""),"") -> KAREN P. GONZAGA | Q10: CLUSTER | U10: =IFERROR(IF(B8<>"INCORRECT SHEET. Do not use this sheet to input data.",UPPER(HELPER!G9),""),"") -> CORE | AH10: UNITS | AJ10: =IFERROR(IF(B8<>"INCORRECT SHEET. Do not use this sheet to input data.",HELPER!G27,""),"") -> 2 | AK10: / TERM | AL10: =IFERROR(IF(B8<>"INCORRECT SHEET. Do not use this sheet to input data.",HELPER!G28,""),"") -> 6 | AM10: / YEAR
D11: WRITTEN / ORAL WORKS (WWs) | Q11: PRODUCT / PERFORMANCE TASKS (PTs) | AD11: EXAMINATIONS (EXs) | AL11: INITIAL GRADE | AM11: TERM GRADE
D12: =IF($U$9<>"",IFERROR(_xlfn.IFNA(HELPER!G13/100,""),""),"") -> 0.2 | Q12: =IF($U$9<>"",IFERROR(_xlfn.IFNA(HELPER!G14/100,""),""),"") -> 0.5 | AD12: =IF($U$9<>"",IFERROR(_xlfn.IFNA(HELPER!G15/100,""),""),"") -> 0.3
D13: 1 | E13: 2 | F13: 3 | G13: 4 | H13: 5 | I13: 6 | J13: 7 | K13: 8 | L13: 9 | M13: 10 | N13: TOTAL | O13: PS | P13: WS | Q13: 1 | R13: 2 | S13: 3 | T13: 4 | U13: 5 | V13: 6 | W13: 7 | X13: 8 | Y13: 9 | Z13: 10 | AA13: TOTAL | AB13: PS | AC13: WS | AD13: ST 1 | AE13: ST 2 | AF13: TE | AG13: WS ST1 | AH13: WS ST2 | AI13: WS TE | AJ13: PS | AK13: WS
B14: HIGHEST POSSIBLE SCORE | N14: =SUM(D14:M14) -> 0 | O14: 100 | P14: =D12 -> 0.2 | AA14: =SUM(Q14:Z14) -> 0 | AB14: 100 | AC14: =Q12 -> 0.5 | AG14: =_xlfn.IFNA(HELPER!G17,"") -> 30 | AH14: =_xlfn.IFNA(HELPER!G18,"") -> 30 | AI14: =_xlfn.IFNA(HELPER!G19,"") -> 40 | AJ14: =IF(AD12=0,"",100) -> 100 | AK14: =AD12 -> 0.3
B15: LEARNERS' NAMES
B16: MALE
B17: 1 | C17: =IFERROR(IF(OR($B$8="INCORRECT SHEET. Do not use this sheet to input data.",'INPUT DATA'!O11=""),"",'INPUT DATA'!O11),"") | N17: =IF(COUNT(D17:M17)=0,"",SUM(D17:M17)) | O17: =IFERROR(IF(N17="","",ROUND(N17/N$14*O$14,2)),"") | P17: =IFERROR(IF(O17="","",ROUND(O17*P$14,2)),"") | AA17: =IF(COUNT(Q17:Z17)=0,"",SUM(Q17:Z17)) | AB17: =IFERROR(IF(AA17="","",ROUND(AA17/AA$14*AB$14,2)),"") | AC17: =IFERROR(IF(AB17="","",ROUND(AB17*AC$14,2)),"") | AG17: =IFERROR(IF(AD17="","",ROUND(AD17/$AD$14*$AG$14,2)),"") | AH17: =IFERROR(IF(AE17="","",ROUND(AE17/$AE$14*$AH$14,2)),"") | AI17: =IFERROR(IF(AF17="","",ROUND(AF17/$AF$14*$AI$14,2)),"") | AJ17: =IF($AD$12=0,"",IF(OR(AG17<>"",AH17<>"",AI17<>""),(SUM(AG17:AI17)/SUM($AG$14:$AI$14))*$AJ$14,"")) | AK17: =IFERROR(IF(AJ17="","",ROUND(AJ17*$AK$14,2)),"") | AL17: =IF(AND(C17<>"",P17<>"",AC17<>"",$AD$12=0),SUM(P17,AC17),IF(AND(C17<>"",P17<>"",AC17<>"",AK17<>"",$D$12>0,$Q$12>0,$AD$12>0),SUM(P17,AC17,AK17),"")) | AM17: =IFERROR(_xlfn.XLOOKUP(AL17,HELPER!$C$7:$C$47,HELPER!$D$7:$D$47,,1),"")
B18: 2 | C18: =IFERROR(IF(OR($B$8="INCORRECT SHEET. Do not use this sheet to input data.",'INPUT DATA'!O12=""),"",'INPUT DATA'!O12),"") | N18: =IF(COUNT(D18:M18)=0,"",SUM(D18:M18)) | O18: =IFERROR(IF(N18="","",ROUND(N18/N$14*O$14,2)),"") | P18: =IFERROR(IF(O18="","",ROUND(O18*P$14,2)),"") | AA18: =IF(COUNT(Q18:Z18)=0,"",SUM(Q18:Z18)) | AB18: =IFERROR(IF(AA18="","",ROUND(AA18/AA$14*AB$14,2)),"") | AC18: =IFERROR(IF(AB18="","",ROUND(AB18*AC$14,2)),"") | AG18: =IFERROR(IF(AD18="","",ROUND(AD18/$AD$14*$AG$14,2)),"") | AH18: =IFERROR(IF(AE18="","",ROUND(AE18/$AE$14*$AH$14,2)),"") | AI18: =IFERROR(IF(AF18="","",ROUND(AF18/$AF$14*$AI$14,2)),"") | AJ18: =IF($AD$12=0,"",IF(OR(AG18<>"",AH18<>"",AI18<>""),(SUM(AG18:AI18)/SUM($AG$14:$AI$14))*$AJ$14,"")) | AK18: =IFERROR(IF(AJ18="","",ROUND(AJ18*$AK$14,2)),"") | AL18: =IF(AND(C18<>"",P18<>"",AC18<>"",$AD$12=0),SUM(P18,AC18),IF(AND(C18<>"",P18<>"",AC18<>"",AK18<>"",$D$12>0,$Q$12>0,$AD$12>0),SUM(P18,AC18,AK18),"")) | AM18: =IFERROR(_xlfn.XLOOKUP(AL18,HELPER!$C$7:$C$47,HELPER!$D$7:$D$47,,1),"")
B19: 3 | C19: =IFERROR(IF(OR($B$8="INCORRECT SHEET. Do not use this sheet to input data.",'INPUT DATA'!O13=""),"",'INPUT DATA'!O13),"") | N19: =IF(COUNT(D19:M19)=0,"",SUM(D19:M19)) | O19: =IFERROR(IF(N19="","",ROUND(N19/N$14*O$14,2)),"") | P19: =IFERROR(IF(O19="","",ROUND(O19*P$14,2)),"") | AA19: =IF(COUNT(Q19:Z19)=0,"",SUM(Q19:Z19)) | AB19: =IFERROR(IF(AA19="","",ROUND(AA19/AA$14*AB$14,2)),"") | AC19: =IFERROR(IF(AB19="","",ROUND(AB19*AC$14,2)),"") | AG19: =IFERROR(IF(AD19="","",ROUND(AD19/$AD$14*$AG$14,2)),"") | AH19: =IFERROR(IF(AE19="","",ROUND(AE19/$AE$14*$AH$14,2)),"") | AI19: =IFERROR(IF(AF19="","",ROUND(AF19/$AF$14*$AI$14,2)),"") | AJ19: =IF($AD$12=0,"",IF(OR(AG19<>"",AH19<>"",AI19<>""),(SUM(AG19:AI19)/SUM($AG$14:$AI$14))*$AJ$14,"")) | AK19: =IFERROR(IF(AJ19="","",ROUND(AJ19*$AK$14,2)),"") | AL19: =IF(AND(C19<>"",P19<>"",AC19<>"",$AD$12=0),SUM(P19,AC19),IF(AND(C19<>"",P19<>"",AC19<>"",AK19<>"",$D$12>0,$Q$12>0,$AD$12>0),SUM(P19,AC19,AK19),"")) | AM19: =IFERROR(_xlfn.XLOOKUP(AL19,HELPER!$C$7:$C$47,HELPER!$D$7:$D$47,,1),"")
B20: 4 | C20: =IFERROR(IF(OR($B$8="INCORRECT SHEET. Do not use this sheet to input data.",'INPUT DATA'!O14=""),"",'INPUT DATA'!O14),"") | N20: =IF(COUNT(D20:M20)=0,"",SUM(D20:M20)) | O20: =IFERROR(IF(N20="","",ROUND(N20/N$14*O$14,2)),"") | P20: =IFERROR(IF(O20="","",ROUND(O20*P$14,2)),"") | AA20: =IF(COUNT(Q20:Z20)=0,"",SUM(Q20:Z20)) | AB20: =IFERROR(IF(AA20="","",ROUND(AA20/AA$14*AB$14,2)),"") | AC20: =IFERROR(IF(AB20="","",ROUND(AB20*AC$14,2)),"") | AG20: =IFERROR(IF(AD20="","",ROUND(AD20/$AD$14*$AG$14,2)),"") | AH20: =IFERROR(IF(AE20="","",ROUND(AE20/$AE$14*$AH$14,2)),"") | AI20: =IFERROR(IF(AF20="","",ROUND(AF20/$AF$14*$AI$14,2)),"") | AJ20: =IF($AD$12=0,"",IF(OR(AG20<>"",AH20<>"",AI20<>""),(SUM(AG20:AI20)/SUM($AG$14:$AI$14))*$AJ$14,"")) | AK20: =IFERROR(IF(AJ20="","",ROUND(AJ20*$AK$14,2)),"") | AL20: =IF(AND(C20<>"",P20<>"",AC20<>"",$AD$12=0),SUM(P20,AC20),IF(AND(C20<>"",P20<>"",AC20<>"",AK20<>"",$D$12>0,$Q$12>0,$AD$12>0),SUM(P20,AC20,AK20),"")) | AM20: =IFERROR(_xlfn.XLOOKUP(AL20,HELPER!$C$7:$C$47,HELPER!$D$7:$D$47,,1),"")
B21: 5 | C21: =IFERROR(IF(OR($B$8="INCORRECT SHEET. Do not use this sheet to input data.",'INPUT DATA'!O15=""),"",'INPUT DATA'!O15),"") | N21: =IF(COUNT(D21:M21)=0,"",SUM(D21:M21)) | O21: =IFERROR(IF(N21="","",ROUND(N21/N$14*O$14,2)),"") | P21: =IFERROR(IF(O21="","",ROUND(O21*P$14,2)),"") | AA21: =IF(COUNT(Q21:Z21)=0,"",SUM(Q21:Z21)) | AB21: =IFERROR(IF(AA21="","",ROUND(AA21/AA$14*AB$14,2)),"") | AC21: =IFERROR(IF(AB21="","",ROUND(AB21*AC$14,2)),"") | AG21: =IFERROR(IF(AD21="","",ROUND(AD21/$AD$14*$AG$14,2)),"") | AH21: =IFERROR(IF(AE21="","",ROUND(AE21/$AE$14*$AH$14,2)),"") | AI21: =IFERROR(IF(AF21="","",ROUND(AF21/$AF$14*$AI$14,2)),"") | AJ21: =IF($AD$12=0,"",IF(OR(AG21<>"",AH21<>"",AI21<>""),(SUM(AG21:AI21)/SUM($AG$14:$AI$14))*$AJ$14,"")) | AK21: =IFERROR(IF(AJ21="","",ROUND(AJ21*$AK$14,2)),"") | AL21: =IF(AND(C21<>"",P21<>"",AC21<>"",$AD$12=0),SUM(P21,AC21),IF(AND(C21<>"",P21<>"",AC21<>"",AK21<>"",$D$12>0,$Q$12>0,$AD$12>0),SUM(P21,AC21,AK21),"")) | AM21: =IFERROR(_xlfn.XLOOKUP(AL21,HELPER!$C$7:$C$47,HELPER!$D$7:$D$47,,1),"")
B22: 6 | C22: =IFERROR(IF(OR($B$8="INCORRECT SHEET. Do not use this sheet to input data.",'INPUT DATA'!O16=""),"",'INPUT DATA'!O16),"") | N22: =IF(COUNT(D22:M22)=0,"",SUM(D22:M22)) | O22: =IFERROR(IF(N22="","",ROUND(N22/N$14*O$14,2)),"") | P22: =IFERROR(IF(O22="","",ROUND(O22*P$14,2)),"") | AA22: =IF(COUNT(Q22:Z22)=0,"",SUM(Q22:Z22)) | AB22: =IFERROR(IF(AA22="","",ROUND(AA22/AA$14*AB$14,2)),"") | AC22: =IFERROR(IF(AB22="","",ROUND(AB22*AC$14,2)),"") | AG22: =IFERROR(IF(AD22="","",ROUND(AD22/$AD$14*$AG$14,2)),"") | AH22: =IFERROR(IF(AE22="","",ROUND(AE22/$AE$14*$AH$14,2)),"") | AI22: =IFERROR(IF(AF22="","",ROUND(AF22/$AF$14*$AI$14,2)),"") | AJ22: =IF($AD$12=0,"",IF(OR(AG22<>"",AH22<>"",AI22<>""),(SUM(AG22:AI22)/SUM($AG$14:$AI$14))*$AJ$14,"")) | AK22: =IFERROR(IF(AJ22="","",ROUND(AJ22*$AK$14,2)),"") | AL22: =IF(AND(C22<>"",P22<>"",AC22<>"",$AD$12=0),SUM(P22,AC22),IF(AND(C22<>"",P22<>"",AC22<>"",AK22<>"",$D$12>0,$Q$12>0,$AD$12>0),SUM(P22,AC22,AK22),"")) | AM22: =IFERROR(_xlfn.XLOOKUP(AL22,HELPER!$C$7:$C$47,HELPER!$D$7:$D$47,,1),"")
B23: 7 | C23: =IFERROR(IF(OR($B$8="INCORRECT SHEET. Do not use this sheet to input data.",'INPUT DATA'!O17=""),"",'INPUT DATA'!O17),"") | N23: =IF(COUNT(D23:M23)=0,"",SUM(D23:M23)) | O23: =IFERROR(IF(N23="","",ROUND(N23/N$14*O$14,2)),"") | P23: =IFERROR(IF(O23="","",ROUND(O23*P$14,2)),"") | AA23: =IF(COUNT(Q23:Z23)=0,"",SUM(Q23:Z23)) | AB23: =IFERROR(IF(AA23="","",ROUND(AA23/AA$14*AB$14,2)),"") | AC23: =IFERROR(IF(AB23="","",ROUND(AB23*AC$14,2)),"") | AG23: =IFERROR(IF(AD23="","",ROUND(AD23/$AD$14*$AG$14,2)),"") | AH23: =IFERROR(IF(AE23="","",ROUND(AE23/$AE$14*$AH$14,2)),"") | AI23: =IFERROR(IF(AF23="","",ROUND(AF23/$AF$14*$AI$14,2)),"") | AJ23: =IF($AD$12=0,"",IF(OR(AG23<>"",AH23<>"",AI23<>""),(SUM(AG23:AI23)/SUM($AG$14:$AI$14))*$AJ$14,"")) | AK23: =IFERROR(IF(AJ23="","",ROUND(AJ23*$AK$14,2)),"") | AL23: =IF(AND(C23<>"",P23<>"",AC23<>"",$AD$12=0),SUM(P23,AC23),IF(AND(C23<>"",P23<>"",AC23<>"",AK23<>"",$D$12>0,$Q$12>0,$AD$12>0),SUM(P23,AC23,AK23),"")) | AM23: =IFERROR(_xlfn.XLOOKUP(AL23,HELPER!$C$7:$C$47,HELPER!$D$7:$D$47,,1),"")
B24: 8 | C24: =IFERROR(IF(OR($B$8="INCORRECT SHEET. Do not use this sheet to input data.",'INPUT DATA'!O18=""),"",'INPUT DATA'!O18),"") | N24: =IF(COUNT(D24:M24)=0,"",SUM(D24:M24)) | O24: =IFERROR(IF(N24="","",ROUND(N24/N$14*O$14,2)),"") | P24: =IFERROR(IF(O24="","",ROUND(O24*P$14,2)),"") | AA24: =IF(COUNT(Q24:Z24)=0,"",SUM(Q24:Z24)) | AB24: =IFERROR(IF(AA24="","",ROUND(AA24/AA$14*AB$14,2)),"") | AC24: =IFERROR(IF(AB24="","",ROUND(AB24*AC$14,2)),"") | AG24: =IFERROR(IF(AD24="","",ROUND(AD24/$AD$14*$AG$14,2)),"") | AH24: =IFERROR(IF(AE24="","",ROUND(AE24/$AE$14*$AH$14,2)),"") | AI24: =IFERROR(IF(AF24="","",ROUND(AF24/$AF$14*$AI$14,2)),"") | AJ24: =IF($AD$12=0,"",IF(OR(AG24<>"",AH24<>"",AI24<>""),(SUM(AG24:AI24)/SUM($AG$14:$AI$14))*$AJ$14,"")) | AK24: =IFERROR(IF(AJ24="","",ROUND(AJ24*$AK$14,2)),"") | AL24: =IF(AND(C24<>"",P24<>"",AC24<>"",$AD$12=0),SUM(P24,AC24),IF(AND(C24<>"",P24<>"",AC24<>"",AK24<>"",$D$12>0,$Q$12>0,$AD$12>0),SUM(P24,AC24,AK24),"")) | AM24: =IFERROR(_xlfn.XLOOKUP(AL24,HELPER!$C$7:$C$47,HELPER!$D$7:$D$47,,1),"")
B25: 9 | C25: =IFERROR(IF(OR($B$8="INCORRECT SHEET. Do not use this sheet to input data.",'INPUT DATA'!O19=""),"",'INPUT DATA'!O19),"") | N25: =IF(COUNT(D25:M25)=0,"",SUM(D25:M25)) | O25: =IFERROR(IF(N25="","",ROUND(N25/N$14*O$14,2)),"") | P25: =IFERROR(IF(O25="","",ROUND(O25*P$14,2)),"") | AA25: =IF(COUNT(Q25:Z25)=0,"",SUM(Q25:Z25)) | AB25: =IFERROR(IF(AA25="","",ROUND(AA25/AA$14*AB$14,2)),"") | AC25: =IFERROR(IF(AB25="","",ROUND(AB25*AC$14,2)),"") | AG25: =IFERROR(IF(AD25="","",ROUND(AD25/$AD$14*$AG$14,2)),"") | AH25: =IFERROR(IF(AE25="","",ROUND(AE25/$AE$14*$AH$14,2)),"") | AI25: =IFERROR(IF(AF25="","",ROUND(AF25/$AF$14*$AI$14,2)),"") | AJ25: =IF($AD$12=0,"",IF(OR(AG25<>"",AH25<>"",AI25<>""),(SUM(AG25:AI25)/SUM($AG$14:$AI$14))*$AJ$14,"")) | AK25: =IFERROR(IF(AJ25="","",ROUND(AJ25*$AK$14,2)),"") | AL25: =IF(AND(C25<>"",P25<>"",AC25<>"",$AD$12=0),SUM(P25,AC25),IF(AND(C25<>"",P25<>"",AC25<>"",AK25<>"",$D$12>0,$Q$12>0,$AD$12>0),SUM(P25,AC25,AK25),"")) | AM25: =IFERROR(_xlfn.XLOOKUP(AL25,HELPER!$C$7:$C$47,HELPER!$D$7:$D$47,,1),"")
B26: 10 | C26: =IFERROR(IF(OR($B$8="INCORRECT SHEET. Do not use this sheet to input data.",'INPUT DATA'!O20=""),"",'INPUT DATA'!O20),"") | N26: =IF(COUNT(D26:M26)=0,"",SUM(D26:M26)) | O26: =IFERROR(IF(N26="","",ROUND(N26/N$14*O$14,2)),"") | P26: =IFERROR(IF(O26="","",ROUND(O26*P$14,2)),"") | AA26: =IF(COUNT(Q26:Z26)=0,"",SUM(Q26:Z26)) | AB26: =IFERROR(IF(AA26="","",ROUND(AA26/AA$14*AB$14,2)),"") | AC26: =IFERROR(IF(AB26="","",ROUND(AB26*AC$14,2)),"") | AG26: =IFERROR(IF(AD26="","",ROUND(AD26/$AD$14*$AG$14,2)),"") | AH26: =IFERROR(IF(AE26="","",ROUND(AE26/$AE$14*$AH$14,2)),"") | AI26: =IFERROR(IF(AF26="","",ROUND(AF26/$AF$14*$AI$14,2)),"") | AJ26: =IF($AD$12=0,"",IF(OR(AG26<>"",AH26<>"",AI26<>""),(SUM(AG26:AI26)/SUM($AG$14:$AI$14))*$AJ$14,"")) | AK26: =IFERROR(IF(AJ26="","",ROUND(AJ26*$AK$14,2)),"") | AL26: =IF(AND(C26<>"",P26<>"",AC26<>"",$AD$12=0),SUM(P26,AC26),IF(AND(C26<>"",P26<>"",AC26<>"",AK26<>"",$D$12>0,$Q$12>0,$AD$12>0),SUM(P26,AC26,AK26),"")) | AM26: =IFERROR(_xlfn.XLOOKUP(AL26,HELPER!$C$7:$C$47,HELPER!$D$7:$D$47,,1),"")
B27: 11 | C27: =IFERROR(IF(OR($B$8="INCORRECT SHEET. Do not use this sheet to input data.",'INPUT DATA'!O21=""),"",'INPUT DATA'!O21),"") | N27: =IF(COUNT(D27:M27)=0,"",SUM(D27:M27)) | O27: =IFERROR(IF(N27="","",ROUND(N27/N$14*O$14,2)),"") | P27: =IFERROR(IF(O27="","",ROUND(O27*P$14,2)),"") | AA27: =IF(COUNT(Q27:Z27)=0,"",SUM(Q27:Z27)) | AB27: =IFERROR(IF(AA27="","",ROUND(AA27/AA$14*AB$14,2)),"") | AC27: =IFERROR(IF(AB27="","",ROUND(AB27*AC$14,2)),"") | AG27: =IFERROR(IF(AD27="","",ROUND(AD27/$AD$14*$AG$14,2)),"") | AH27: =IFERROR(IF(AE27="","",ROUND(AE27/$AE$14*$AH$14,2)),"") | AI27: =IFERROR(IF(AF27="","",ROUND(AF27/$AF$14*$AI$14,2)),"") | AJ27: =IF($AD$12=0,"",IF(OR(AG27<>"",AH27<>"",AI27<>""),(SUM(AG27:AI27)/SUM($AG$14:$AI$14))*$AJ$14,"")) | AK27: =IFERROR(IF(AJ27="","",ROUND(AJ27*$AK$14,2)),"") | AL27: =IF(AND(C27<>"",P27<>"",AC27<>"",$AD$12=0),SUM(P27,AC27),IF(AND(C27<>"",P27<>"",AC27<>"",AK27<>"",$D$12>0,$Q$12>0,$AD$12>0),SUM(P27,AC27,AK27),"")) | AM27: =IFERROR(_xlfn.XLOOKUP(AL27,HELPER!$C$7:$C$47,HELPER!$D$7:$D$47,,1),"")
B28: 12 | C28: =IFERROR(IF(OR($B$8="INCORRECT SHEET. Do not use this sheet to input data.",'INPUT DATA'!O22=""),"",'INPUT DATA'!O22),"") | N28: =IF(COUNT(D28:M28)=0,"",SUM(D28:M28)) | O28: =IFERROR(IF(N28="","",ROUND(N28/N$14*O$14,2)),"") | P28: =IFERROR(IF(O28="","",ROUND(O28*P$14,2)),"") | AA28: =IF(COUNT(Q28:Z28)=0,"",SUM(Q28:Z28)) | AB28: =IFERROR(IF(AA28="","",ROUND(AA28/AA$14*AB$14,2)),"") | AC28: =IFERROR(IF(AB28="","",ROUND(AB28*AC$14,2)),"") | AG28: =IFERROR(IF(AD28="","",ROUND(AD28/$AD$14*$AG$14,2)),"") | AH28: =IFERROR(IF(AE28="","",ROUND(AE28/$AE$14*$AH$14,2)),"") | AI28: =IFERROR(IF(AF28="","",ROUND(AF28/$AF$14*$AI$14,2)),"") | AJ28: =IF($AD$12=0,"",IF(OR(AG28<>"",AH28<>"",AI28<>""),(SUM(AG28:AI28)/SUM($AG$14:$AI$14))*$AJ$14,"")) | AK28: =IFERROR(IF(AJ28="","",ROUND(AJ28*$AK$14,2)),"") | AL28: =IF(AND(C28<>"",P28<>"",AC28<>"",$AD$12=0),SUM(P28,AC28),IF(AND(C28<>"",P28<>"",AC28<>"",AK28<>"",$D$12>0,$Q$12>0,$AD$12>0),SUM(P28,AC28,AK28),"")) | AM28: =IFERROR(_xlfn.XLOOKUP(AL28,HELPER!$C$7:$C$47,HELPER!$D$7:$D$47,,1),"")
... B66: 50 | C66: =IFERROR(IF(OR($B$8="INCORRECT SHEET. Do not use this sheet to input data.",'INPUT DATA'!O60=""),"",'INPUT DATA'!O60),"") | N66: =IF(COUNT(D66:M66)=0,"",SUM(D66:M66)) | O66: =IFERROR(IF(N66="","",ROUND(N66/N$14*O$14,2)),"") | P66: =IFERROR(IF(O66="","",ROUND(O66*P$14,2)),"") | AA66: =IF(COUNT(Q66:Z66)=0,"",SUM(Q66:Z66)) | AB66: =IFERROR(IF(AA66="","",ROUND(AA66/AA$14*AB$14,2)),"") | AC66: =IFERROR(IF(AB66="","",ROUND(AB66*AC$14,2)),"") | AG66: =IFERROR(IF(AD66="","",ROUND(AD66/$AD$14*$AG$14,2)),"") | AH66: =IFERROR(IF(AE66="","",ROUND(AE66/$AE$14*$AH$14,2)),"") | AI66: =IFERROR(IF(AF66="","",ROUND(AF66/$AF$14*$AI$14,2)),"") | AJ66: =IF($AD$12=0,"",IF(OR(AG66<>"",AH66<>"",AI66<>""),(SUM(AG66:AI66)/SUM($AG$14:$AI$14))*$AJ$14,"")) | AK66: =IFERROR(IF(AJ66="","",ROUND(AJ66*$AK$14,2)),"") | AL66: =IF(AND(C66<>"",P66<>"",AC66<>"",$AD$12=0),SUM(P66,AC66),IF(AND(C66<>"",P66<>"",AC66<>"",AK66<>"",$D$12>0,$Q$12>0,$AD$12>0),SUM(P66,AC66,AK66),"")) | AM66: =IFERROR(_xlfn.XLOOKUP(AL66,HELPER!$C$7:$C$47,HELPER!$D$7:$D$47,,1),"")
B67: FEMALE
B68: 1 | C68: =IFERROR(IF(OR($B$8="INCORRECT SHEET. Do not use this sheet to input data.",'INPUT DATA'!S11=""),"",'INPUT DATA'!S11),"") | N68: =IF(COUNT(D68:M68)=0,"",SUM(D68:M68)) | O68: =IFERROR(IF(N68="","",ROUND(N68/N$14*O$14,2)),"") | P68: =IFERROR(IF(O68="","",ROUND(O68*P$14,2)),"") | AA68: =IF(COUNT(Q68:Z68)=0,"",SUM(Q68:Z68)) | AB68: =IFERROR(IF(AA68="","",ROUND(AA68/AA$14*AB$14,2)),"") | AC68: =IFERROR(IF(AB68="","",ROUND(AB68*AC$14,2)),"") | AG68: =IFERROR(IF(AD68="","",ROUND(AD68/$AD$14*$AG$14,2)),"") | AH68: =IFERROR(IF(AE68="","",ROUND(AE68/$AE$14*$AH$14,2)),"") | AI68: =IFERROR(IF(AF68="","",ROUND(AF68/$AF$14*$AI$14,2)),"") | AJ68: =IF($AD$12=0,"",IF(OR(AG68<>"",AH68<>"",AI68<>""),(SUM(AG68:AI68)/SUM($AG$14:$AI$14))*$AJ$14,"")) | AK68: =IFERROR(IF(AJ68="","",ROUND(AJ68*$AK$14,2)),"") | AL68: =IF(AND(C68<>"",P68<>"",AC68<>"",$AD$12=0),SUM(P68,AC68),IF(AND(C68<>"",P68<>"",AC68<>"",AK68<>"",$D$12>0,$Q$12>0,$AD$12>0),SUM(P68,AC68,AK68),"")) | AM68: =IFERROR(_xlfn.XLOOKUP(AL68,HELPER!$C$7:$C$47,HELPER!$D$7:$D$47,,1),"")
B69: 2 | C69: =IFERROR(IF(OR($B$8="INCORRECT SHEET. Do not use this sheet to input data.",'INPUT DATA'!S12=""),"",'INPUT DATA'!S12),"") | N69: =IF(COUNT(D69:M69)=0,"",SUM(D69:M69)) | O69: =IFERROR(IF(N69="","",ROUND(N69/N$14*O$14,2)),"") | P69: =IFERROR(IF(O69="","",ROUND(O69*P$14,2)),"") | AA69: =IF(COUNT(Q69:Z69)=0,"",SUM(Q69:Z69)) | AB69: =IFERROR(IF(AA69="","",ROUND(AA69/AA$14*AB$14,2)),"") | AC69: =IFERROR(IF(AB69="","",ROUND(AB69*AC$14,2)),"") | AG69: =IFERROR(IF(AD69="","",ROUND(AD69/$AD$14*$AG$14,2)),"") | AH69: =IFERROR(IF(AE69="","",ROUND(AE69/$AE$14*$AH$14,2)),"") | AI69: =IFERROR(IF(AF69="","",ROUND(AF69/$AF$14*$AI$14,2)),"") | AJ69: =IF($AD$12=0,"",IF(OR(AG69<>"",AH69<>"",AI69<>""),(SUM(AG69:AI69)/SUM($AG$14:$AI$14))*$AJ$14,"")) | AK69: =IFERROR(IF(AJ69="","",ROUND(AJ69*$AK$14,2)),"") | AL69: =IF(AND(C69<>"",P69<>"",AC69<>"",$AD$12=0),SUM(P69,AC69),IF(AND(C69<>"",P69<>"",AC69<>"",AK69<>"",$D$12>0,$Q$12>0,$AD$12>0),SUM(P69,AC69,AK69),"")) | AM69: =IFERROR(_xlfn.XLOOKUP(AL69,HELPER!$C$7:$C$47,HELPER!$D$7:$D$47,,1),"")
B70: 3 | C70: =IFERROR(IF(OR($B$8="INCORRECT SHEET. Do not use this sheet to input data.",'INPUT DATA'!S13=""),"",'INPUT DATA'!S13),"") | N70: =IF(COUNT(D70:M70)=0,"",SUM(D70:M70)) | O70: =IFERROR(IF(N70="","",ROUND(N70/N$14*O$14,2)),"") | P70: =IFERROR(IF(O70="","",ROUND(O70*P$14,2)),"") | AA70: =IF(COUNT(Q70:Z70)=0,"",SUM(Q70:Z70)) | AB70: =IFERROR(IF(AA70="","",ROUND(AA70/AA$14*AB$14,2)),"") | AC70: =IFERROR(IF(AB70="","",ROUND(AB70*AC$14,2)),"") | AG70: =IFERROR(IF(AD70="","",ROUND(AD70/$AD$14*$AG$14,2)),"") | AH70: =IFERROR(IF(AE70="","",ROUND(AE70/$AE$14*$AH$14,2)),"") | AI70: =IFERROR(IF(AF70="","",ROUND(AF70/$AF$14*$AI$14,2)),"") | AJ70: =IF($AD$12=0,"",IF(OR(AG70<>"",AH70<>"",AI70<>""),(SUM(AG70:AI70)/SUM($AG$14:$AI$14))*$AJ$14,"")) | AK70: =IFERROR(IF(AJ70="","",ROUND(AJ70*$AK$14,2)),"") | AL70: =IF(AND(C70<>"",P70<>"",AC70<>"",$AD$12=0),SUM(P70,AC70),IF(AND(C70<>"",P70<>"",AC70<>"",AK70<>"",$D$12>0,$Q$12>0,$AD$12>0),SUM(P70,AC70,AK70),"")) | AM70: =IFERROR(_xlfn.XLOOKUP(AL70,HELPER!$C$7:$C$47,HELPER!$D$7:$D$47,,1),"")
B71: 4 | C71: =IFERROR(IF(OR($B$8="INCORRECT SHEET. Do not use this sheet to input data.",'INPUT DATA'!S14=""),"",'INPUT DATA'!S14),"") | N71: =IF(COUNT(D71:M71)=0,"",SUM(D71:M71)) | O71: =IFERROR(IF(N71="","",ROUND(N71/N$14*O$14,2)),"") | P71: =IFERROR(IF(O71="","",ROUND(O71*P$14,2)),"") | AA71: =IF(COUNT(Q71:Z71)=0,"",SUM(Q71:Z71)) | AB71: =IFERROR(IF(AA71="","",ROUND(AA71/AA$14*AB$14,2)),"") | AC71: =IFERROR(IF(AB71="","",ROUND(AB71*AC$14,2)),"") | AG71: =IFERROR(IF(AD71="","",ROUND(AD71/$AD$14*$AG$14,2)),"") | AH71: =IFERROR(IF(AE71="","",ROUND(AE71/$AE$14*$AH$14,2)),"") | AI71: =IFERROR(IF(AF71="","",ROUND(AF71/$AF$14*$AI$14,2)),"") | AJ71: =IF($AD$12=0,"",IF(OR(AG71<>"",AH71<>"",AI71<>""),(SUM(AG71:AI71)/SUM($AG$14:$AI$14))*$AJ$14,"")) | AK71: =IFERROR(IF(AJ71="","",ROUND(AJ71*$AK$14,2)),"") | AL71: =IF(AND(C71<>"",P71<>"",AC71<>"",$AD$12=0),SUM(P71,AC71),IF(AND(C71<>"",P71<>"",AC71<>"",AK71<>"",$D$12>0,$Q$12>0,$AD$12>0),SUM(P71,AC71,AK71),"")) | AM71: =IFERROR(_xlfn.XLOOKUP(AL71,HELPER!$C$7:$C$47,HELPER!$D$7:$D$47,,1),"")
B72: 5 | C72: =IFERROR(IF(OR($B$8="INCORRECT SHEET. Do not use this sheet to input data.",'INPUT DATA'!S15=""),"",'INPUT DATA'!S15),"") | N72: =IF(COUNT(D72:M72)=0,"",SUM(D72:M72)) | O72: =IFERROR(IF(N72="","",ROUND(N72/N$14*O$14,2)),"") | P72: =IFERROR(IF(O72="","",ROUND(O72*P$14,2)),"") | AA72: =IF(COUNT(Q72:Z72)=0,"",SUM(Q72:Z72)) | AB72: =IFERROR(IF(AA72="","",ROUND(AA72/AA$14*AB$14,2)),"") | AC72: =IFERROR(IF(AB72="","",ROUND(AB72*AC$14,2)),"") | AG72: =IFERROR(IF(AD72="","",ROUND(AD72/$AD$14*$AG$14,2)),"") | AH72: =IFERROR(IF(AE72="","",ROUND(AE72/$AE$14*$AH$14,2)),"") | AI72: =IFERROR(IF(AF72="","",ROUND(AF72/$AF$14*$AI$14,2)),"") | AJ72: =IF($AD$12=0,"",IF(OR(AG72<>"",AH72<>"",AI72<>""),(SUM(AG72:AI72)/SUM($AG$14:$AI$14))*$AJ$14,"")) | AK72: =IFERROR(IF(AJ72="","",ROUND(AJ72*$AK$14,2)),"") | AL72: =IF(AND(C72<>"",P72<>"",AC72<>"",$AD$12=0),SUM(P72,AC72),IF(AND(C72<>"",P72<>"",AC72<>"",AK72<>"",$D$12>0,$Q$12>0,$AD$12>0),SUM(P72,AC72,AK72),"")) | AM72: =IFERROR(_xlfn.XLOOKUP(AL72,HELPER!$C$7:$C$47,HELPER!$D$7:$D$47,,1),"")
B73: 6 | C73: =IFERROR(IF(OR($B$8="INCORRECT SHEET. Do not use this sheet to input data.",'INPUT DATA'!S16=""),"",'INPUT DATA'!S16),"") | N73: =IF(COUNT(D73:M73)=0,"",SUM(D73:M73)) | O73: =IFERROR(IF(N73="","",ROUND(N73/N$14*O$14,2)),"") | P73: =IFERROR(IF(O73="","",ROUND(O73*P$14,2)),"") | AA73: =IF(COUNT(Q73:Z73)=0,"",SUM(Q73:Z73)) | AB73: =IFERROR(IF(AA73="","",ROUND(AA73/AA$14*AB$14,2)),"") | AC73: =IFERROR(IF(AB73="","",ROUND(AB73*AC$14,2)),"") | AG73: =IFERROR(IF(AD73="","",ROUND(AD73/$AD$14*$AG$14,2)),"") | AH73: =IFERROR(IF(AE73="","",ROUND(AE73/$AE$14*$AH$14,2)),"") | AI73: =IFERROR(IF(AF73="","",ROUND(AF73/$AF$14*$AI$14,2)),"") | AJ73: =IF($AD$12=0,"",IF(OR(AG73<>"",AH73<>"",AI73<>""),(SUM(AG73:AI73)/SUM($AG$14:$AI$14))*$AJ$14,"")) | AK73: =IFERROR(IF(AJ73="","",ROUND(AJ73*$AK$14,2)),"") | AL73: =IF(AND(C73<>"",P73<>"",AC73<>"",$AD$12=0),SUM(P73,AC73),IF(AND(C73<>"",P73<>"",AC73<>"",AK73<>"",$D$12>0,$Q$12>0,$AD$12>0),SUM(P73,AC73,AK73),"")) | AM73: =IFERROR(_xlfn.XLOOKUP(AL73,HELPER!$C$7:$C$47,HELPER!$D$7:$D$47,,1),"")
B74: 7 | C74: =IFERROR(IF(OR($B$8="INCORRECT SHEET. Do not use this sheet to input data.",'INPUT DATA'!S17=""),"",'INPUT DATA'!S17),"") | N74: =IF(COUNT(D74:M74)=0,"",SUM(D74:M74)) | O74: =IFERROR(IF(N74="","",ROUND(N74/N$14*O$14,2)),"") | P74: =IFERROR(IF(O74="","",ROUND(O74*P$14,2)),"") | AA74: =IF(COUNT(Q74:Z74)=0,"",SUM(Q74:Z74)) | AB74: =IFERROR(IF(AA74="","",ROUND(AA74/AA$14*AB$14,2)),"") | AC74: =IFERROR(IF(AB74="","",ROUND(AB74*AC$14,2)),"") | AG74: =IFERROR(IF(AD74="","",ROUND(AD74/$AD$14*$AG$14,2)),"") | AH74: =IFERROR(IF(AE74="","",ROUND(AE74/$AE$14*$AH$14,2)),"") | AI74: =IFERROR(IF(AF74="","",ROUND(AF74/$AF$14*$AI$14,2)),"") | AJ74: =IF($AD$12=0,"",IF(OR(AG74<>"",AH74<>"",AI74<>""),(SUM(AG74:AI74)/SUM($AG$14:$AI$14))*$AJ$14,"")) | AK74: =IFERROR(IF(AJ74="","",ROUND(AJ74*$AK$14,2)),"") | AL74: =IF(AND(C74<>"",P74<>"",AC74<>"",$AD$12=0),SUM(P74,AC74),IF(AND(C74<>"",P74<>"",AC74<>"",AK74<>"",$D$12>0,$Q$12>0,$AD$12>0),SUM(P74,AC74,AK74),"")) | AM74: =IFERROR(_xlfn.XLOOKUP(AL74,HELPER!$C$7:$C$47,HELPER!$D$7:$D$47,,1),"")
B75: 8 | C75: =IFERROR(IF(OR($B$8="INCORRECT SHEET. Do not use this sheet to input data.",'INPUT DATA'!S18=""),"",'INPUT DATA'!S18),"") | N75: =IF(COUNT(D75:M75)=0,"",SUM(D75:M75)) | O75: =IFERROR(IF(N75="","",ROUND(N75/N$14*O$14,2)),"") | P75: =IFERROR(IF(O75="","",ROUND(O75*P$14,2)),"") | AA75: =IF(COUNT(Q75:Z75)=0,"",SUM(Q75:Z75)) | AB75: =IFERROR(IF(AA75="","",ROUND(AA75/AA$14*AB$14,2)),"") | AC75: =IFERROR(IF(AB75="","",ROUND(AB75*AC$14,2)),"") | AG75: =IFERROR(IF(AD75="","",ROUND(AD75/$AD$14*$AG$14,2)),"") | AH75: =IFERROR(IF(AE75="","",ROUND(AE75/$AE$14*$AH$14,2)),"") | AI75: =IFERROR(IF(AF75="","",ROUND(AF75/$AF$14*$AI$14,2)),"") | AJ75: =IF($AD$12=0,"",IF(OR(AG75<>"",AH75<>"",AI75<>""),(SUM(AG75:AI75)/SUM($AG$14:$AI$14))*$AJ$14,"")) | AK75: =IFERROR(IF(AJ75="","",ROUND(AJ75*$AK$14,2)),"") | AL75: =IF(AND(C75<>"",P75<>"",AC75<>"",$AD$12=0),SUM(P75,AC75),IF(AND(C75<>"",P75<>"",AC75<>"",AK75<>"",$D$12>0,$Q$12>0,$AD$12>0),SUM(P75,AC75,AK75),"")) | AM75: =IFERROR(_xlfn.XLOOKUP(AL75,HELPER!$C$7:$C$47,HELPER!$D$7:$D$47,,1),"")
B76: 9 | C76: =IFERROR(IF(OR($B$8="INCORRECT SHEET. Do not use this sheet to input data.",'INPUT DATA'!S19=""),"",'INPUT DATA'!S19),"") | N76: =IF(COUNT(D76:M76)=0,"",SUM(D76:M76)) | O76: =IFERROR(IF(N76="","",ROUND(N76/N$14*O$14,2)),"") | P76: =IFERROR(IF(O76="","",ROUND(O76*P$14,2)),"") | AA76: =IF(COUNT(Q76:Z76)=0,"",SUM(Q76:Z76)) | AB76: =IFERROR(IF(AA76="","",ROUND(AA76/AA$14*AB$14,2)),"") | AC76: =IFERROR(IF(AB76="","",ROUND(AB76*AC$14,2)),"") | AG76: =IFERROR(IF(AD76="","",ROUND(AD76/$AD$14*$AG$14,2)),"") | AH76: =IFERROR(IF(AE76="","",ROUND(AE76/$AE$14*$AH$14,2)),"") | AI76: =IFERROR(IF(AF76="","",ROUND(AF76/$AF$14*$AI$14,2)),"") | AJ76: =IF($AD$12=0,"",IF(OR(AG76<>"",AH76<>"",AI76<>""),(SUM(AG76:AI76)/SUM($AG$14:$AI$14))*$AJ$14,"")) | AK76: =IFERROR(IF(AJ76="","",ROUND(AJ76*$AK$14,2)),"") | AL76: =IF(AND(C76<>"",P76<>"",AC76<>"",$AD$12=0),SUM(P76,AC76),IF(AND(C76<>"",P76<>"",AC76<>"",AK76<>"",$D$12>0,$Q$12>0,$AD$12>0),SUM(P76,AC76,AK76),"")) | AM76: =IFERROR(_xlfn.XLOOKUP(AL76,HELPER!$C$7:$C$47,HELPER!$D$7:$D$47,,1),"")
B77: 10 | C77: =IFERROR(IF(OR($B$8="INCORRECT SHEET. Do not use this sheet to input data.",'INPUT DATA'!S20=""),"",'INPUT DATA'!S20),"") | N77: =IF(COUNT(D77:M77)=0,"",SUM(D77:M77)) | O77: =IFERROR(IF(N77="","",ROUND(N77/N$14*O$14,2)),"") | P77: =IFERROR(IF(O77="","",ROUND(O77*P$14,2)),"") | AA77: =IF(COUNT(Q77:Z77)=0,"",SUM(Q77:Z77)) | AB77: =IFERROR(IF(AA77="","",ROUND(AA77/AA$14*AB$14,2)),"") | AC77: =IFERROR(IF(AB77="","",ROUND(AB77*AC$14,2)),"") | AG77: =IFERROR(IF(AD77="","",ROUND(AD77/$AD$14*$AG$14,2)),"") | AH77: =IFERROR(IF(AE77="","",ROUND(AE77/$AE$14*$AH$14,2)),"") | AI77: =IFERROR(IF(AF77="","",ROUND(AF77/$AF$14*$AI$14,2)),"") | AJ77: =IF($AD$12=0,"",IF(OR(AG77<>"",AH77<>"",AI77<>""),(SUM(AG77:AI77)/SUM($AG$14:$AI$14))*$AJ$14,"")) | AK77: =IFERROR(IF(AJ77="","",ROUND(AJ77*$AK$14,2)),"") | AL77: =IF(AND(C77<>"",P77<>"",AC77<>"",$AD$12=0),SUM(P77,AC77),IF(AND(C77<>"",P77<>"",AC77<>"",AK77<>"",$D$12>0,$Q$12>0,$AD$12>0),SUM(P77,AC77,AK77),"")) | AM77: =IFERROR(_xlfn.XLOOKUP(AL77,HELPER!$C$7:$C$47,HELPER!$D$7:$D$47,,1),"")
B78: 11 | C78: =IFERROR(IF(OR($B$8="INCORRECT SHEET. Do not use this sheet to input data.",'INPUT DATA'!S21=""),"",'INPUT DATA'!S21),"") | N78: =IF(COUNT(D78:M78)=0,"",SUM(D78:M78)) | O78: =IFERROR(IF(N78="","",ROUND(N78/N$14*O$14,2)),"") | P78: =IFERROR(IF(O78="","",ROUND(O78*P$14,2)),"") | AA78: =IF(COUNT(Q78:Z78)=0,"",SUM(Q78:Z78)) | AB78: =IFERROR(IF(AA78="","",ROUND(AA78/AA$14*AB$14,2)),"") | AC78: =IFERROR(IF(AB78="","",ROUND(AB78*AC$14,2)),"") | AG78: =IFERROR(IF(AD78="","",ROUND(AD78/$AD$14*$AG$14,2)),"") | AH78: =IFERROR(IF(AE78="","",ROUND(AE78/$AE$14*$AH$14,2)),"") | AI78: =IFERROR(IF(AF78="","",ROUND(AF78/$AF$14*$AI$14,2)),"") | AJ78: =IF($AD$12=0,"",IF(OR(AG78<>"",AH78<>"",AI78<>""),(SUM(AG78:AI78)/SUM($AG$14:$AI$14))*$AJ$14,"")) | AK78: =IFERROR(IF(AJ78="","",ROUND(AJ78*$AK$14,2)),"") | AL78: =IF(AND(C78<>"",P78<>"",AC78<>"",$AD$12=0),SUM(P78,AC78),IF(AND(C78<>"",P78<>"",AC78<>"",AK78<>"",$D$12>0,$Q$12>0,$AD$12>0),SUM(P78,AC78,AK78),"")) | AM78: =IFERROR(_xlfn.XLOOKUP(AL78,HELPER!$C$7:$C$47,HELPER!$D$7:$D$47,,1),"")
B79: 12 | C79: =IFERROR(IF(OR($B$8="INCORRECT SHEET. Do not use this sheet to input data.",'INPUT DATA'!S22=""),"",'INPUT DATA'!S22),"") | N79: =IF(COUNT(D79:M79)=0,"",SUM(D79:M79)) | O79: =IFERROR(IF(N79="","",ROUND(N79/N$14*O$14,2)),"") | P79: =IFERROR(IF(O79="","",ROUND(O79*P$14,2)),"") | AA79: =IF(COUNT(Q79:Z79)=0,"",SUM(Q79:Z79)) | AB79: =IFERROR(IF(AA79="","",ROUND(AA79/AA$14*AB$14,2)),"") | AC79: =IFERROR(IF(AB79="","",ROUND(AB79*AC$14,2)),"") | AG79: =IFERROR(IF(AD79="","",ROUND(AD79/$AD$14*$AG$14,2)),"") | AH79: =IFERROR(IF(AE79="","",ROUND(AE79/$AE$14*$AH$14,2)),"") | AI79: =IFERROR(IF(AF79="","",ROUND(AF79/$AF$14*$AI$14,2)),"") | AJ79: =IF($AD$12=0,"",IF(OR(AG79<>"",AH79<>"",AI79<>""),(SUM(AG79:AI79)/SUM($AG$14:$AI$14))*$AJ$14,"")) | AK79: =IFERROR(IF(AJ79="","",ROUND(AJ79*$AK$14,2)),"") | AL79: =IF(AND(C79<>"",P79<>"",AC79<>"",$AD$12=0),SUM(P79,AC79),IF(AND(C79<>"",P79<>"",AC79<>"",AK79<>"",$D$12>0,$Q$12>0,$AD$12>0),SUM(P79,AC79,AK79),"")) | AM79: =IFERROR(_xlfn.XLOOKUP(AL79,HELPER!$C$7:$C$47,HELPER!$D$7:$D$47,,1),"")
... B117: 50 | C117: =IFERROR(IF(OR($B$8="INCORRECT SHEET. Do not use this sheet to input data.",'INPUT DATA'!S60=""),"",'INPUT DATA'!S60),"") | N117: =IF(COUNT(D117:M117)=0,"",SUM(D117:M117)) | O117: =IFERROR(IF(N117="","",ROUND(N117/N$14*O$14,2)),"") | P117: =IFERROR(IF(O117="","",ROUND(O117*P$14,2)),"") | AA117: =IF(COUNT(Q117:Z117)=0,"",SUM(Q117:Z117)) | AB117: =IFERROR(IF(AA117="","",ROUND(AA117/AA$14*AB$14,2)),"") | AC117: =IFERROR(IF(AB117="","",ROUND(AB117*AC$14,2)),"") | AG117: =IFERROR(IF(AD117="","",ROUND(AD117/$AD$14*$AG$14,2)),"") | AH117: =IFERROR(IF(AE117="","",ROUND(AE117/$AE$14*$AH$14,2)),"") | AI117: =IFERROR(IF(AF117="","",ROUND(AF117/$AF$14*$AI$14,2)),"") | AJ117: =IF($AD$12=0,"",IF(OR(AG117<>"",AH117<>"",AI117<>""),(SUM(AG117:AI117)/SUM($AG$14:$AI$14))*$AJ$14,"")) | AK117: =IFERROR(IF(AJ117="","",ROUND(AJ117*$AK$14,2)),"") | AL117: =IF(AND(C117<>"",P117<>"",AC117<>"",$AD$12=0),SUM(P117,AC117),IF(AND(C117<>"",P117<>"",AC117<>"",AK117<>"",$D$12>0,$Q$12>0,$AD$12>0),SUM(P117,AC117,AK117),"")) | AM117: =IFERROR(_xlfn.XLOOKUP(AL117,HELPER!$C$7:$C$47,HELPER!$D$7:$D$47,,1),"")
B118: x | D118: x | E118: x | F118: x | G118: x | H118: x | I118: x | J118: x | K118: x | L118: x | M118: x | N118: x | O118: x | P118: x | Q118: x | R118: x | S118: x | T118: x | U118: x | V118: x | W118: x | X118: x | Y118: x | Z118: x | AA118: x | AB118: x | AC118: x | AD118: x | AE118: x | AF118: x | AG118: x | AH118: x | AI118: x | AJ118: x | AK118: x | AL118: x | AM118: =IFERROR(_xlfn.XLOOKUP(AL118,HELPER!$C$7:$C$48,HELPER!$D$7:$D$47,,1),"")
D120: {=_xlfn.SEQUENCE(D14+1,1,0,1)} -> 0 | E120: {=_xlfn.SEQUENCE(E14+1,1,0,1)} -> 0 | F120: {=_xlfn.SEQUENCE(F14+1,1,0,1)} -> 0 | G120: {=_xlfn.SEQUENCE(G14+1,1,0,1)} -> 0 | H120: {=_xlfn.SEQUENCE(H14+1,1,0,1)} -> 0 | I120: {=_xlfn.SEQUENCE(I14+1,1,0,1)} -> 0 | J120: {=_xlfn.SEQUENCE(J14+1,1,0,1)} -> 0 | K120: {=_xlfn.SEQUENCE(K14+1,1,0,1)} -> 0 | ... M120: {=_xlfn.SEQUENCE(M14+1,1,0,1)} -> 0 | Q120: {=_xlfn.SEQUENCE(Q14+1,1,0,1)} -> 0 | R120: {=_xlfn.SEQUENCE(R14+1,1,0,1)} -> 0 | S120: {=_xlfn.SEQUENCE(S14+1,1,0,1)} -> 0 | T120: {=_xlfn.SEQUENCE(T14+1,1,0,1)} -> 0 | U120: {=_xlfn.SEQUENCE(U14+1,1,0,1)} -> 0 | V120: {=_xlfn.SEQUENCE(V14+1,1,0,1)} -> 0 | W120: {=_xlfn.SEQUENCE(W14+1,1,0,1)} -> 0 | X120: {=_xlfn.SEQUENCE(X14+1,1,0,1)} -> 0 | ... Z120: {=_xlfn.SEQUENCE(Z14+1,1,0,1)} -> 0 | AD120: {=_xlfn.SEQUENCE(AD14+1,1,0,1)} -> 0 | AE120: {=_xlfn.SEQUENCE(AE14+1,1,0,1)} -> 0 | AF120: {=_xlfn.SEQUENCE(AF14+1,1,0,1)} -> 0

Sheet FINAL GRADES
B2: FINAL GRADES
B3: Strengthened Senior High School Class Record
D5: REGION | E5: =UPPER('INPUT DATA'!F10) -> REGION IV-A | F5: DIVISION | G5: =UPPER('INPUT DATA'!F11) -> CALAMBA CITY | H5: SCHOOL ID | I5: =IF('INPUT DATA'!F13="","",'INPUT DATA'!F13) -> 301518
D6: SCHOOL NAME | E6: =UPPER('INPUT DATA'!F14) -> EDUARDO BARRETTO SR. INTEGRATED SCHOOL | H6: SCHOOL YEAR | I6: ='INPUT DATA'!F16&" "&'INPUT DATA'!G16 -> 2026 – 2027
C9: GRADE LEVEL | D9: ='INPUT DATA'!F24 -> 11 | F9: SUBJECT | G9: =UPPER(HELPER!G10) -> GENERAL MATHEMATICS
C10: SECTION | D10: =UPPER('INPUT DATA'!F25) -> MILKY WAY
F11: CLUSTER | G11: ='INPUT DATA'!F29 -> CORE
C12: TEACHER | D12: =UPPER('INPUT DATA'!F22) -> KAREN P. GONZAGA | F12: NO. OF TERMS | G12: TERM BLOCKS | I12: UNITS PER TERM | J12: TOTAL UNITS EARNED
F13: =HELPER!G22 -> 3 | G13: =IFERROR(IF(F13<>0,HELPER!G23,""),"") -> 1ST, 2ND, 3RD | I13: =HELPER!G27 -> 2 | J13: =IFERROR(HELPER!G28,"") -> 6
B14: LEARNERS' NAMES | E14: TERM GRADES | H14: FINAL GRADE | I14: DESCRIPTOR | J14: REMARK
E15: FIRST TERM | F15: SECOND TERM | G15: THIRD TERM
B16: MALE | E16: =IF(COUNTIF('FINAL GRADES'!$G$13,"*1ST*"),1,0) -> 1 | F16: =IF(COUNTIF('FINAL GRADES'!$G$13,"*2ND*"),1,0) -> 1 | G16: =IF(COUNTIF('FINAL GRADES'!$G$13,"*3RD*"),1,0) -> 1
B17: 1 | C17: =UPPER(IF('INPUT DATA'!N11="","",'INPUT DATA'!N11)) | D17: =UPPER(IF('INPUT DATA'!O11="","",'INPUT DATA'!O11)) | E17: =IF(E$16=1,IF(AND($C17<>"",'Term 1'!$AM17<>""),'Term 1'!$AM17,""),"") | F17: =IF(F$16=1,IF(AND($C17<>"",'Term 2'!$AM17<>""),'Term 2'!$AM17,""),"") | G17: =IF(G$16=1,IF(AND($C17<>"",'Term 3'!$AM17<>""),'Term 3'!$AM17,""),"") | H17: =IF(OR(C17="",COUNT(E17:G17)<>$F$13),"",ROUND((SUM(E17:G17)*$I$13)/$J$13,0)) | I17: =IF(H17="","",_xlfn.XLOOKUP(H17,HELPER!$AG$7:$AG$47,HELPER!$AH$7:$AH$47)) | J17: =IF(H17="","",IF(H17>=75,"PASSED","FAILED"))
B18: 2 | C18: =UPPER(IF('INPUT DATA'!N12="","",'INPUT DATA'!N12)) | D18: =UPPER(IF('INPUT DATA'!O12="","",'INPUT DATA'!O12)) | E18: =IF(E$16=1,IF(AND($C18<>"",'Term 1'!$AM18<>""),'Term 1'!$AM18,""),"") | F18: =IF(F$16=1,IF(AND($C18<>"",'Term 2'!$AM18<>""),'Term 2'!$AM18,""),"") | G18: =IF(G$16=1,IF(AND($C18<>"",'Term 3'!$AM18<>""),'Term 3'!$AM18,""),"") | H18: =IF(OR(C18="",COUNT(E18:G18)<>$F$13),"",ROUND((SUM(E18:G18)*$I$13)/$J$13,0)) | I18: =IF(H18="","",_xlfn.XLOOKUP(H18,HELPER!$AG$7:$AG$47,HELPER!$AH$7:$AH$47)) | J18: =IF(H18="","",IF(H18>=75,"PASSED","FAILED"))
B19: 3 | C19: =UPPER(IF('INPUT DATA'!N13="","",'INPUT DATA'!N13)) | D19: =UPPER(IF('INPUT DATA'!O13="","",'INPUT DATA'!O13)) | E19: =IF(E$16=1,IF(AND($C19<>"",'Term 1'!$AM19<>""),'Term 1'!$AM19,""),"") | F19: =IF(F$16=1,IF(AND($C19<>"",'Term 2'!$AM19<>""),'Term 2'!$AM19,""),"") | G19: =IF(G$16=1,IF(AND($C19<>"",'Term 3'!$AM19<>""),'Term 3'!$AM19,""),"") | H19: =IF(OR(C19="",COUNT(E19:G19)<>$F$13),"",ROUND((SUM(E19:G19)*$I$13)/$J$13,0)) | I19: =IF(H19="","",_xlfn.XLOOKUP(H19,HELPER!$AG$7:$AG$47,HELPER!$AH$7:$AH$47)) | J19: =IF(H19="","",IF(H19>=75,"PASSED","FAILED"))
B20: 4 | C20: =UPPER(IF('INPUT DATA'!N14="","",'INPUT DATA'!N14)) | D20: =UPPER(IF('INPUT DATA'!O14="","",'INPUT DATA'!O14)) | E20: =IF(E$16=1,IF(AND($C20<>"",'Term 1'!$AM20<>""),'Term 1'!$AM20,""),"") | F20: =IF(F$16=1,IF(AND($C20<>"",'Term 2'!$AM20<>""),'Term 2'!$AM20,""),"") | G20: =IF(G$16=1,IF(AND($C20<>"",'Term 3'!$AM20<>""),'Term 3'!$AM20,""),"") | H20: =IF(OR(C20="",COUNT(E20:G20)<>$F$13),"",ROUND((SUM(E20:G20)*$I$13)/$J$13,0)) | I20: =IF(H20="","",_xlfn.XLOOKUP(H20,HELPER!$AG$7:$AG$47,HELPER!$AH$7:$AH$47)) | J20: =IF(H20="","",IF(H20>=75,"PASSED","FAILED"))
B21: 5 | C21: =UPPER(IF('INPUT DATA'!N15="","",'INPUT DATA'!N15)) | D21: =UPPER(IF('INPUT DATA'!O15="","",'INPUT DATA'!O15)) | E21: =IF(E$16=1,IF(AND($C21<>"",'Term 1'!$AM21<>""),'Term 1'!$AM21,""),"") | F21: =IF(F$16=1,IF(AND($C21<>"",'Term 2'!$AM21<>""),'Term 2'!$AM21,""),"") | G21: =IF(G$16=1,IF(AND($C21<>"",'Term 3'!$AM21<>""),'Term 3'!$AM21,""),"") | H21: =IF(OR(C21="",COUNT(E21:G21)<>$F$13),"",ROUND((SUM(E21:G21)*$I$13)/$J$13,0)) | I21: =IF(H21="","",_xlfn.XLOOKUP(H21,HELPER!$AG$7:$AG$47,HELPER!$AH$7:$AH$47)) | J21: =IF(H21="","",IF(H21>=75,"PASSED","FAILED"))
B22: 6 | C22: =UPPER(IF('INPUT DATA'!N16="","",'INPUT DATA'!N16)) | D22: =UPPER(IF('INPUT DATA'!O16="","",'INPUT DATA'!O16)) | E22: =IF(E$16=1,IF(AND($C22<>"",'Term 1'!$AM22<>""),'Term 1'!$AM22,""),"") | F22: =IF(F$16=1,IF(AND($C22<>"",'Term 2'!$AM22<>""),'Term 2'!$AM22,""),"") | G22: =IF(G$16=1,IF(AND($C22<>"",'Term 3'!$AM22<>""),'Term 3'!$AM22,""),"") | H22: =IF(OR(C22="",COUNT(E22:G22)<>$F$13),"",ROUND((SUM(E22:G22)*$I$13)/$J$13,0)) | I22: =IF(H22="","",_xlfn.XLOOKUP(H22,HELPER!$AG$7:$AG$47,HELPER!$AH$7:$AH$47)) | J22: =IF(H22="","",IF(H22>=75,"PASSED","FAILED"))
B23: 7 | C23: =UPPER(IF('INPUT DATA'!N17="","",'INPUT DATA'!N17)) | D23: =UPPER(IF('INPUT DATA'!O17="","",'INPUT DATA'!O17)) | E23: =IF(E$16=1,IF(AND($C23<>"",'Term 1'!$AM23<>""),'Term 1'!$AM23,""),"") | F23: =IF(F$16=1,IF(AND($C23<>"",'Term 2'!$AM23<>""),'Term 2'!$AM23,""),"") | G23: =IF(G$16=1,IF(AND($C23<>"",'Term 3'!$AM23<>""),'Term 3'!$AM23,""),"") | H23: =IF(OR(C23="",COUNT(E23:G23)<>$F$13),"",ROUND((SUM(E23:G23)*$I$13)/$J$13,0)) | I23: =IF(H23="","",_xlfn.XLOOKUP(H23,HELPER!$AG$7:$AG$47,HELPER!$AH$7:$AH$47)) | J23: =IF(H23="","",IF(H23>=75,"PASSED","FAILED"))
B24: 8 | C24: =UPPER(IF('INPUT DATA'!N18="","",'INPUT DATA'!N18)) | D24: =UPPER(IF('INPUT DATA'!O18="","",'INPUT DATA'!O18)) | E24: =IF(E$16=1,IF(AND($C24<>"",'Term 1'!$AM24<>""),'Term 1'!$AM24,""),"") | F24: =IF(F$16=1,IF(AND($C24<>"",'Term 2'!$AM24<>""),'Term 2'!$AM24,""),"") | G24: =IF(G$16=1,IF(AND($C24<>"",'Term 3'!$AM24<>""),'Term 3'!$AM24,""),"") | H24: =IF(OR(C24="",COUNT(E24:G24)<>$F$13),"",ROUND((SUM(E24:G24)*$I$13)/$J$13,0)) | I24: =IF(H24="","",_xlfn.XLOOKUP(H24,HELPER!$AG$7:$AG$47,HELPER!$AH$7:$AH$47)) | J24: =IF(H24="","",IF(H24>=75,"PASSED","FAILED"))
B25: 9 | C25: =UPPER(IF('INPUT DATA'!N19="","",'INPUT DATA'!N19)) | D25: =UPPER(IF('INPUT DATA'!O19="","",'INPUT DATA'!O19)) | E25: =IF(E$16=1,IF(AND($C25<>"",'Term 1'!$AM25<>""),'Term 1'!$AM25,""),"") | F25: =IF(F$16=1,IF(AND($C25<>"",'Term 2'!$AM25<>""),'Term 2'!$AM25,""),"") | G25: =IF(G$16=1,IF(AND($C25<>"",'Term 3'!$AM25<>""),'Term 3'!$AM25,""),"") | H25: =IF(OR(C25="",COUNT(E25:G25)<>$F$13),"",ROUND((SUM(E25:G25)*$I$13)/$J$13,0)) | I25: =IF(H25="","",_xlfn.XLOOKUP(H25,HELPER!$AG$7:$AG$47,HELPER!$AH$7:$AH$47)) | J25: =IF(H25="","",IF(H25>=75,"PASSED","FAILED"))
B26: 10 | C26: =UPPER(IF('INPUT DATA'!N20="","",'INPUT DATA'!N20)) | D26: =UPPER(IF('INPUT DATA'!O20="","",'INPUT DATA'!O20)) | E26: =IF(E$16=1,IF(AND($C26<>"",'Term 1'!$AM26<>""),'Term 1'!$AM26,""),"") | F26: =IF(F$16=1,IF(AND($C26<>"",'Term 2'!$AM26<>""),'Term 2'!$AM26,""),"") | G26: =IF(G$16=1,IF(AND($C26<>"",'Term 3'!$AM26<>""),'Term 3'!$AM26,""),"") | H26: =IF(OR(C26="",COUNT(E26:G26)<>$F$13),"",ROUND((SUM(E26:G26)*$I$13)/$J$13,0)) | I26: =IF(H26="","",_xlfn.XLOOKUP(H26,HELPER!$AG$7:$AG$47,HELPER!$AH$7:$AH$47)) | J26: =IF(H26="","",IF(H26>=75,"PASSED","FAILED"))
B27: 11 | C27: =UPPER(IF('INPUT DATA'!N21="","",'INPUT DATA'!N21)) | D27: =UPPER(IF('INPUT DATA'!O21="","",'INPUT DATA'!O21)) | E27: =IF(E$16=1,IF(AND($C27<>"",'Term 1'!$AM27<>""),'Term 1'!$AM27,""),"") | F27: =IF(F$16=1,IF(AND($C27<>"",'Term 2'!$AM27<>""),'Term 2'!$AM27,""),"") | G27: =IF(G$16=1,IF(AND($C27<>"",'Term 3'!$AM27<>""),'Term 3'!$AM27,""),"") | H27: =IF(OR(C27="",COUNT(E27:G27)<>$F$13),"",ROUND((SUM(E27:G27)*$I$13)/$J$13,0)) | I27: =IF(H27="","",_xlfn.XLOOKUP(H27,HELPER!$AG$7:$AG$47,HELPER!$AH$7:$AH$47)) | J27: =IF(H27="","",IF(H27>=75,"PASSED","FAILED"))
B28: 12 | C28: =UPPER(IF('INPUT DATA'!N22="","",'INPUT DATA'!N22)) | D28: =UPPER(IF('INPUT DATA'!O22="","",'INPUT DATA'!O22)) | E28: =IF(E$16=1,IF(AND($C28<>"",'Term 1'!$AM28<>""),'Term 1'!$AM28,""),"") | F28: =IF(F$16=1,IF(AND($C28<>"",'Term 2'!$AM28<>""),'Term 2'!$AM28,""),"") | G28: =IF(G$16=1,IF(AND($C28<>"",'Term 3'!$AM28<>""),'Term 3'!$AM28,""),"") | H28: =IF(OR(C28="",COUNT(E28:G28)<>$F$13),"",ROUND((SUM(E28:G28)*$I$13)/$J$13,0)) | I28: =IF(H28="","",_xlfn.XLOOKUP(H28,HELPER!$AG$7:$AG$47,HELPER!$AH$7:$AH$47)) | J28: =IF(H28="","",IF(H28>=75,"PASSED","FAILED"))
... B66: 50 | C66: =UPPER(IF('INPUT DATA'!N60="","",'INPUT DATA'!N60)) | D66: =UPPER(IF('INPUT DATA'!O60="","",'INPUT DATA'!O60)) | E66: =IF(E$16=1,IF(AND($C66<>"",'Term 1'!$AM66<>""),'Term 1'!$AM66,""),"") | F66: =IF(F$16=1,IF(AND($C66<>"",'Term 2'!$AM66<>""),'Term 2'!$AM66,""),"") | G66: =IF(G$16=1,IF(AND($C66<>"",'Term 3'!$AM66<>""),'Term 3'!$AM66,""),"") | H66: =IF(OR(C66="",COUNT(E66:G66)<>$F$13),"",ROUND((SUM(E66:G66)*$I$13)/$J$13,0)) | I66: =IF(H66="","",_xlfn.XLOOKUP(H66,HELPER!$AG$7:$AG$47,HELPER!$AH$7:$AH$47)) | J66: =IF(H66="","",IF(H66>=75,"PASSED","FAILED"))
B67: FEMALE
B68: 1 | C68: =UPPER(IF('INPUT DATA'!R11="","",'INPUT DATA'!R11)) | D68: =UPPER(IF('INPUT DATA'!S11="","",'INPUT DATA'!S11)) | E68: =IF(E$16=1,IF(AND($C68<>"",'Term 1'!$AM68<>""),'Term 1'!$AM68,""),"") | F68: =IF(F$16=1,IF(AND($C68<>"",'Term 2'!$AM68<>""),'Term 2'!$AM68,""),"") | G68: =IF(G$16=1,IF(AND($C68<>"",'Term 3'!$AM68<>""),'Term 3'!$AM68,""),"") | H68: =IF(OR(C68="",COUNT(E68:G68)<>$F$13),"",ROUND((SUM(E68:G68)*$I$13)/$J$13,0)) | I68: =IF(H68="","",_xlfn.XLOOKUP(H68,HELPER!$AG$7:$AG$47,HELPER!$AH$7:$AH$47)) | J68: =IF(H68="","",IF(H68>=75,"PASSED","FAILED"))
B69: 2 | C69: =UPPER(IF('INPUT DATA'!R12="","",'INPUT DATA'!R12)) | D69: =UPPER(IF('INPUT DATA'!S12="","",'INPUT DATA'!S12)) | E69: =IF(E$16=1,IF(AND($C69<>"",'Term 1'!$AM69<>""),'Term 1'!$AM69,""),"") | F69: =IF(F$16=1,IF(AND($C69<>"",'Term 2'!$AM69<>""),'Term 2'!$AM69,""),"") | G69: =IF(G$16=1,IF(AND($C69<>"",'Term 3'!$AM69<>""),'Term 3'!$AM69,""),"") | H69: =IF(OR(C69="",COUNT(E69:G69)<>$F$13),"",ROUND((SUM(E69:G69)*$I$13)/$J$13,0)) | I69: =IF(H69="","",_xlfn.XLOOKUP(H69,HELPER!$AG$7:$AG$47,HELPER!$AH$7:$AH$47)) | J69: =IF(H69="","",IF(H69>=75,"PASSED","FAILED"))
B70: 3 | C70: =UPPER(IF('INPUT DATA'!R13="","",'INPUT DATA'!R13)) | D70: =UPPER(IF('INPUT DATA'!S13="","",'INPUT DATA'!S13)) | E70: =IF(E$16=1,IF(AND($C70<>"",'Term 1'!$AM70<>""),'Term 1'!$AM70,""),"") | F70: =IF(F$16=1,IF(AND($C70<>"",'Term 2'!$AM70<>""),'Term 2'!$AM70,""),"") | G70: =IF(G$16=1,IF(AND($C70<>"",'Term 3'!$AM70<>""),'Term 3'!$AM70,""),"") | H70: =IF(OR(C70="",COUNT(E70:G70)<>$F$13),"",ROUND((SUM(E70:G70)*$I$13)/$J$13,0)) | I70: =IF(H70="","",_xlfn.XLOOKUP(H70,HELPER!$AG$7:$AG$47,HELPER!$AH$7:$AH$47)) | J70: =IF(H70="","",IF(H70>=75,"PASSED","FAILED"))
B71: 4 | C71: =UPPER(IF('INPUT DATA'!R14="","",'INPUT DATA'!R14)) | D71: =UPPER(IF('INPUT DATA'!S14="","",'INPUT DATA'!S14)) | E71: =IF(E$16=1,IF(AND($C71<>"",'Term 1'!$AM71<>""),'Term 1'!$AM71,""),"") | F71: =IF(F$16=1,IF(AND($C71<>"",'Term 2'!$AM71<>""),'Term 2'!$AM71,""),"") | G71: =IF(G$16=1,IF(AND($C71<>"",'Term 3'!$AM71<>""),'Term 3'!$AM71,""),"") | H71: =IF(OR(C71="",COUNT(E71:G71)<>$F$13),"",ROUND((SUM(E71:G71)*$I$13)/$J$13,0)) | I71: =IF(H71="","",_xlfn.XLOOKUP(H71,HELPER!$AG$7:$AG$47,HELPER!$AH$7:$AH$47)) | J71: =IF(H71="","",IF(H71>=75,"PASSED","FAILED"))
B72: 5 | C72: =UPPER(IF('INPUT DATA'!R15="","",'INPUT DATA'!R15)) | D72: =UPPER(IF('INPUT DATA'!S15="","",'INPUT DATA'!S15)) | E72: =IF(E$16=1,IF(AND($C72<>"",'Term 1'!$AM72<>""),'Term 1'!$AM72,""),"") | F72: =IF(F$16=1,IF(AND($C72<>"",'Term 2'!$AM72<>""),'Term 2'!$AM72,""),"") | G72: =IF(G$16=1,IF(AND($C72<>"",'Term 3'!$AM72<>""),'Term 3'!$AM72,""),"") | H72: =IF(OR(C72="",COUNT(E72:G72)<>$F$13),"",ROUND((SUM(E72:G72)*$I$13)/$J$13,0)) | I72: =IF(H72="","",_xlfn.XLOOKUP(H72,HELPER!$AG$7:$AG$47,HELPER!$AH$7:$AH$47)) | J72: =IF(H72="","",IF(H72>=75,"PASSED","FAILED"))
B73: 6 | C73: =UPPER(IF('INPUT DATA'!R16="","",'INPUT DATA'!R16)) | D73: =UPPER(IF('INPUT DATA'!S16="","",'INPUT DATA'!S16)) | E73: =IF(E$16=1,IF(AND($C73<>"",'Term 1'!$AM73<>""),'Term 1'!$AM73,""),"") | F73: =IF(F$16=1,IF(AND($C73<>"",'Term 2'!$AM73<>""),'Term 2'!$AM73,""),"") | G73: =IF(G$16=1,IF(AND($C73<>"",'Term 3'!$AM73<>""),'Term 3'!$AM73,""),"") | H73: =IF(OR(C73="",COUNT(E73:G73)<>$F$13),"",ROUND((SUM(E73:G73)*$I$13)/$J$13,0)) | I73: =IF(H73="","",_xlfn.XLOOKUP(H73,HELPER!$AG$7:$AG$47,HELPER!$AH$7:$AH$47)) | J73: =IF(H73="","",IF(H73>=75,"PASSED","FAILED"))
B74: 7 | C74: =UPPER(IF('INPUT DATA'!R17="","",'INPUT DATA'!R17)) | D74: =UPPER(IF('INPUT DATA'!S17="","",'INPUT DATA'!S17)) | E74: =IF(E$16=1,IF(AND($C74<>"",'Term 1'!$AM74<>""),'Term 1'!$AM74,""),"") | F74: =IF(F$16=1,IF(AND($C74<>"",'Term 2'!$AM74<>""),'Term 2'!$AM74,""),"") | G74: =IF(G$16=1,IF(AND($C74<>"",'Term 3'!$AM74<>""),'Term 3'!$AM74,""),"") | H74: =IF(OR(C74="",COUNT(E74:G74)<>$F$13),"",ROUND((SUM(E74:G74)*$I$13)/$J$13,0)) | I74: =IF(H74="","",_xlfn.XLOOKUP(H74,HELPER!$AG$7:$AG$47,HELPER!$AH$7:$AH$47)) | J74: =IF(H74="","",IF(H74>=75,"PASSED","FAILED"))
B75: 8 | C75: =UPPER(IF('INPUT DATA'!R18="","",'INPUT DATA'!R18)) | D75: =UPPER(IF('INPUT DATA'!S18="","",'INPUT DATA'!S18)) | E75: =IF(E$16=1,IF(AND($C75<>"",'Term 1'!$AM75<>""),'Term 1'!$AM75,""),"") | F75: =IF(F$16=1,IF(AND($C75<>"",'Term 2'!$AM75<>""),'Term 2'!$AM75,""),"") | G75: =IF(G$16=1,IF(AND($C75<>"",'Term 3'!$AM75<>""),'Term 3'!$AM75,""),"") | H75: =IF(OR(C75="",COUNT(E75:G75)<>$F$13),"",ROUND((SUM(E75:G75)*$I$13)/$J$13,0)) | I75: =IF(H75="","",_xlfn.XLOOKUP(H75,HELPER!$AG$7:$AG$47,HELPER!$AH$7:$AH$47)) | J75: =IF(H75="","",IF(H75>=75,"PASSED","FAILED"))
B76: 9 | C76: =UPPER(IF('INPUT DATA'!R19="","",'INPUT DATA'!R19)) | D76: =UPPER(IF('INPUT DATA'!S19="","",'INPUT DATA'!S19)) | E76: =IF(E$16=1,IF(AND($C76<>"",'Term 1'!$AM76<>""),'Term 1'!$AM76,""),"") | F76: =IF(F$16=1,IF(AND($C76<>"",'Term 2'!$AM76<>""),'Term 2'!$AM76,""),"") | G76: =IF(G$16=1,IF(AND($C76<>"",'Term 3'!$AM76<>""),'Term 3'!$AM76,""),"") | H76: =IF(OR(C76="",COUNT(E76:G76)<>$F$13),"",ROUND((SUM(E76:G76)*$I$13)/$J$13,0)) | I76: =IF(H76="","",_xlfn.XLOOKUP(H76,HELPER!$AG$7:$AG$47,HELPER!$AH$7:$AH$47)) | J76: =IF(H76="","",IF(H76>=75,"PASSED","FAILED"))
B77: 10 | C77: =UPPER(IF('INPUT DATA'!R20="","",'INPUT DATA'!R20)) | D77: =UPPER(IF('INPUT DATA'!S20="","",'INPUT DATA'!S20)) | E77: =IF(E$16=1,IF(AND($C77<>"",'Term 1'!$AM77<>""),'Term 1'!$AM77,""),"") | F77: =IF(F$16=1,IF(AND($C77<>"",'Term 2'!$AM77<>""),'Term 2'!$AM77,""),"") | G77: =IF(G$16=1,IF(AND($C77<>"",'Term 3'!$AM77<>""),'Term 3'!$AM77,""),"") | H77: =IF(OR(C77="",COUNT(E77:G77)<>$F$13),"",ROUND((SUM(E77:G77)*$I$13)/$J$13,0)) | I77: =IF(H77="","",_xlfn.XLOOKUP(H77,HELPER!$AG$7:$AG$47,HELPER!$AH$7:$AH$47)) | J77: =IF(H77="","",IF(H77>=75,"PASSED","FAILED"))
B78: 11 | C78: =UPPER(IF('INPUT DATA'!R21="","",'INPUT DATA'!R21)) | D78: =UPPER(IF('INPUT DATA'!S21="","",'INPUT DATA'!S21)) | E78: =IF(E$16=1,IF(AND($C78<>"",'Term 1'!$AM78<>""),'Term 1'!$AM78,""),"") | F78: =IF(F$16=1,IF(AND($C78<>"",'Term 2'!$AM78<>""),'Term 2'!$AM78,""),"") | G78: =IF(G$16=1,IF(AND($C78<>"",'Term 3'!$AM78<>""),'Term 3'!$AM78,""),"") | H78: =IF(OR(C78="",COUNT(E78:G78)<>$F$13),"",ROUND((SUM(E78:G78)*$I$13)/$J$13,0)) | I78: =IF(H78="","",_xlfn.XLOOKUP(H78,HELPER!$AG$7:$AG$47,HELPER!$AH$7:$AH$47)) | J78: =IF(H78="","",IF(H78>=75,"PASSED","FAILED"))
B79: 12 | C79: =UPPER(IF('INPUT DATA'!R22="","",'INPUT DATA'!R22)) | D79: =UPPER(IF('INPUT DATA'!S22="","",'INPUT DATA'!S22)) | E79: =IF(E$16=1,IF(AND($C79<>"",'Term 1'!$AM79<>""),'Term 1'!$AM79,""),"") | F79: =IF(F$16=1,IF(AND($C79<>"",'Term 2'!$AM79<>""),'Term 2'!$AM79,""),"") | G79: =IF(G$16=1,IF(AND($C79<>"",'Term 3'!$AM79<>""),'Term 3'!$AM79,""),"") | H79: =IF(OR(C79="",COUNT(E79:G79)<>$F$13),"",ROUND((SUM(E79:G79)*$I$13)/$J$13,0)) | I79: =IF(H79="","",_xlfn.XLOOKUP(H79,HELPER!$AG$7:$AG$47,HELPER!$AH$7:$AH$47)) | J79: =IF(H79="","",IF(H79>=75,"PASSED","FAILED"))
... B117: 50 | C117: =UPPER(IF('INPUT DATA'!R60="","",'INPUT DATA'!R60)) | D117: =UPPER(IF('INPUT DATA'!S60="","",'INPUT DATA'!S60)) | E117: =IF(E$16=1,IF(AND($C117<>"",'Term 1'!$AM117<>""),'Term 1'!$AM117,""),"") | F117: =IF(F$16=1,IF(AND($C117<>"",'Term 2'!$AM117<>""),'Term 2'!$AM117,""),"") | G117: =IF(G$16=1,IF(AND($C117<>"",'Term 3'!$AM117<>""),'Term 3'!$AM117,""),"") | H117: =IF(OR(C117="",COUNT(E117:G117)<>$F$13),"",ROUND((SUM(E117:G117)*$I$13)/$J$13,0)) | I117: =IF(H117="","",_xlfn.XLOOKUP(H117,HELPER!$AG$7:$AG$47,HELPER!$AH$7:$AH$47)) | J117: =IF(H117="","",IF(H117>=75,"PASSED","FAILED"))
C119: Numerical Grade | D119: Descriptors | E119: General Description
C120: 90 - 100 | D120: Advancing | E120: Consistently demonstrates skills and understanding that meet or exceed standards with independence, flexibility, and depth.
C121: 80 - 89 | D121: Benchmarking | E121: Demonstrates expected grade-level skills and understanding competently and independently.
C122: 75 - 79 | D122: Connecting | E122: Demonstrates sufficient understanding and application of grade-level standards with occasional guidance and support
C123: 65 - 74 | D123: Developing | E123: Demonstrates partial understanding and inconsistent application of skills, requires targeted support and scaffolding
C124: 60 - 64 | D124: Emerging | E124: Does not yet demonstrate foundational skills and understanding; requires intensive support.

Sheet HELPER
B2: HELPER
B3: IMPORTANT / DO NOT DELETE
B4: ECRSHS2026
B5: TRANSMUTATION TABLE | F5: DYNAMIC DROPDOWN | J5: ELECTIVES | W5: COMPONENT WEIGHTS | AA5: ST - TE WEIGHTS | AG5: DESCRIPTOR
B6: IG (Min) | C6: IG (Max) | D6: Transmuted Grade | F6: SELECTIONS | I6: SELECTED LVL | J6: TRACK | K6: CLUSTER | L6: COURSE TITLE | M6: TOTAL HOURS | N6: GRADE LVL | O6: GRADE 11 | P6: GR 11 - TERMS | Q6: UNITS / TERM | R6: UNITS / YEAR | S6: GRADE 12 | T6: GR 12 - TERMS | U6: UNITS / TERM | V6: UNITS / YEAR | W6: WW | X6: PT | Y6: ST - TE | Z6: total | AA6: ST 1 | AB6: ST 2 | AC6: TE | AG6: Numerical Grade | AH6: Descriptor
B7: 99.5 | C7: 100 | D7: 100 | F7: ='INPUT DATA'!F24 -> 11 | G7: SELECTED LVL = 1 | I7: =IF(COUNTIF($N7,"*"&$F$7&"*")>0,1,0) -> 1 | J7: SSHS - CORE | K7: CORE | L7: Effective Communication | M7: 160 | N7: 11 | O7: 11 | P7: 3 | Q7: 2 | R7: 6 | W7: 20 | X7: 50 | Y7: 30 | Z7: =SUM(W7:Y7) -> 100 | AA7: 30 | AB7: 30 | AC7: 40 | AG7: 100 | AH7: Advancing | AJ7: Advancing | AK7: Consistently demonstrates skills and understanding that meet or exceed standards with independence, flexibility, and depth.
B8: 98.32 | C8: 99.49 | D8: 99 | F8: {=$B$2&"!"& ADDRESS(MATCH(1,I:I,0),COLUMN(J:J),4) &":"& ADDRESS(LOOKUP(2,1/(I:I=1),ROW(J:J)),COLUMN(J:J),4)} -> HELPER!J7:J147 | G8: ='INPUT DATA'!F28 -> SSHS - CORE | I8: =IF(COUNTIF($N8,"*"&$F$7&"*")>0,1,0) -> 1 | J8: SSHS - CORE | K8: CORE | L8: General Mathematics | M8: 160 | N8: 11 | O8: 11 | P8: 3 | Q8: 2 | R8: 6 | W8: 20 | X8: 50 | Y8: 30 | Z8: =SUM(W8:Y8) -> 100 | AA8: 30 | AB8: 30 | AC8: 40 | AG8: 99 | AH8: Advancing | AJ8: Benchmarking | AK8: Demonstrates expected grade-level skills and understanding competently and independently.
B9: 97.14 | C9: 98.31 | D9: 98 | F9: {=$B$2&"!"&ADDRESS(MATCH($G8,$J:$J,0),COLUMN($K:$K),4)&":"&ADDRESS(LOOKUP(2,1/($J:$J=G8),ROW($K:$K)),COLUMN($K:$K),4)} -> HELPER!K7:K12 | G9: ='INPUT DATA'!F29 -> CORE | I9: =IF(COUNTIF($N9,"*"&$F$7&"*")>0,1,0) -> 1 | J9: SSHS - CORE | K9: CORE | L9: General Science | M9: 160 | N9: 11 | O9: 11 | P9: 3 | Q9: 2 | R9: 6 | W9: 20 | X9: 50 | Y9: 30 | Z9: =SUM(W9:Y9) -> 100 | AA9: 30 | AB9: 30 | AC9: 40 | AG9: 98 | AH9: Advancing | AJ9: Connecting | AK9: Demonstrates sufficient understanding and application of grade-level standards with occasional guidance and support
B10: 95.96 | C10: 97.13 | D10: 97 | F10: {=$B$2&"!"&ADDRESS(MATCH(1,(J:J=G8)*(K:K=G9)*(I:I=1),0),COLUMN(L:L),4)&":"& ADDRESS(LOOKUP(2,1/((J:J=G8)*(K:K=G9)*(I:I=1)),ROW(L:L)),COLUMN(L:L),4)} -> HELPER!L7:L12 | G10: =IF(G9="OTHER ELECTIVE / SPECIAL CURRICULAR PROGRAM",'INPUT DATA'!F39,'INPUT DATA'!F30) -> General Mathematics | I10: =IF(COUNTIF($N10,"*"&$F$7&"*")>0,1,0) -> 1 | J10: SSHS - CORE | K10: CORE | L10: Life and Career Skills | M10: 160 | N10: 11 | O10: 11 | P10: 3 | Q10: 2 | R10: 6 | W10: 20 | X10: 50 | Y10: 30 | Z10: =SUM(W10:Y10) -> 100 | AA10: 30 | AB10: 30 | AC10: 40 | AG10: 97 | AH10: Advancing | AJ10: Developing | AK10: Demonstrates partial understanding and inconsistent application of skills, requires targeted support and scaffolding
B11: 94.78 | C11: 95.95 | D11: 96 | I11: =IF(COUNTIF($N11,"*"&$F$7&"*")>0,1,0) -> 1 | J11: SSHS - CORE | K11: CORE | L11: Mabisang Komunikasyon | M11: 160 | N11: 11 | O11: 11 | P11: 3 | Q11: 2 | R11: 6 | W11: 20 | X11: 50 | Y11: 30 | Z11: =SUM(W11:Y11) -> 100 | AA11: 30 | AB11: 30 | AC11: 40 | AG11: 96 | AH11: Advancing | AJ11: Emerging | AK11: Does not yet demonstrate foundational skills and understanding; requires intensive support.
B12: 93.6 | C12: 94.77 | D12: 95 | F12: COMPONENTS | I12: =IF(COUNTIF($N12,"*"&$F$7&"*")>0,1,0) -> 1 | J12: SSHS - CORE | K12: CORE | L12: Pag-aaral ng Kasaysayan at Lipunang Pilipino | M12: 160 | N12: 11 | O12: 11 | P12: 3 | Q12: 2 | R12: 6 | W12: 20 | X12: 50 | Y12: 30 | Z12: =SUM(W12:Y12) -> 100 | AA12: 30 | AB12: 30 | AC12: 40 | AG12: 95 | AH12: Advancing
B13: 92.42 | C13: 93.59 | D13: 94 | F13: WS | G13: {=_xlfn.IFNA(_xlfn.XLOOKUP(1,(HELPER!$I$7:$I$161=1)*(HELPER!$L$7:$L$161=$G$10)*(HELPER!$K$7:$K$161=$G$9),HELPER!$W$7:$W$161),"")} -> 20 | I13: =IF(COUNTIF($N13,"*"&$F$7&"*")>0,1,0) -> 1 | J13: SSHS - ACADEMIC | K13: ARTS, SOCIAL SCIENCES, AND HUMANITIES | L13: Art Criticism and Creative Markets | M13: 80 | N13: 11, 12 | O13: 11 | P13: 1 | Q13: 3 | R13: 3 | S13: 12 | T13: 1 | U13: 3 | V13: 3 | W13: 20 | X13: 60 | Y13: 20 | Z13: =SUM(W13:Y13) -> 100 | AA13: 30 | AB13: 30 | AC13: 40 | AG13: 94 | AH13: Advancing
B14: 91.24 | C14: 92.41 | D14: 93 | F14: PT | G14: {=_xlfn.IFNA(_xlfn.XLOOKUP(1,(HELPER!$I$7:$I$161=1)*(HELPER!$L$7:$L$161=$G$10)*(HELPER!$K$7:$K$161=$G$9),HELPER!$X$7:$X$161),"")} -> 50 | I14: =IF(COUNTIF($N14,"*"&$F$7&"*")>0,1,0) -> 1 | J14: SSHS - ACADEMIC | K14: ARTS, SOCIAL SCIENCES, AND HUMANITIES | L14: Citizenship and Civic Engagement | M14: 80 | N14: 11, 12 | O14: 11 | P14: 1 | Q14: 3 | R14: 3 | S14: 12 | T14: 1 | U14: 3 | V14: 3 | W14: 20 | X14: 60 | Y14: 20 | Z14: =SUM(W14:Y14) -> 100 | AA14: 30 | AB14: 30 | AC14: 40 | AG14: 93 | AH14: Advancing
B15: 90.06 | C15: 91.23 | D15: 92 | F15: ST-TE | G15: {=_xlfn.IFNA(_xlfn.XLOOKUP(1,(HELPER!$I$7:$I$161=1)*(HELPER!$L$7:$L$161=$G$10)*(HELPER!$K$7:$K$161=$G$9),HELPER!$Y$7:$Y$161),"")} -> 30 | I15: =IF(COUNTIF($N15,"*"&$F$7&"*")>0,1,0) -> 1 | J15: SSHS - ACADEMIC | K15: ARTS, SOCIAL SCIENCES, AND HUMANITIES | L15: Contemporary Literature 1 | M15: 80 | N15: 11, 12 | O15: 11 | P15: 1 | Q15: 3 | R15: 3 | S15: 12 | T15: 1 | U15: 3 | V15: 3 | W15: 20 | X15: 60 | Y15: 20 | Z15: =SUM(W15:Y15) -> 100 | AA15: 30 | AB15: 30 | AC15: 40 | AG15: 92 | AH15: Advancing
B16: 88.88 | C16: 90.05 | D16: 91 | I16: =IF(COUNTIF($N16,"*"&$F$7&"*")>0,1,0) -> 1 | J16: SSHS - ACADEMIC | K16: ARTS, SOCIAL SCIENCES, AND HUMANITIES | L16: Contemporary Literature 2 | M16: 80 | N16: 11, 12 | O16: 11 | P16: 1 | Q16: 3 | R16: 3 | S16: 12 | T16: 1 | U16: 3 | V16: 3 | W16: 20 | X16: 60 | Y16: 20 | Z16: =SUM(W16:Y16) -> 100 | AA16: 30 | AB16: 30 | AC16: 40 | AG16: 91 | AH16: Advancing
B17: 87.7 | C17: 88.87 | D17: 90 | F17: ST 1 | G17: {=_xlfn.IFNA(_xlfn.XLOOKUP(1,(HELPER!$I$7:$I$161=1)*(HELPER!$L$7:$L$161=$G$10)*(HELPER!$K$7:$K$161=$G$9),HELPER!$AA$7:$AA$161),"")} -> 30 | I17: =IF(COUNTIF($N17,"*"&$F$7&"*")>0,1,0) -> 1 | J17: SSHS - ACADEMIC | K17: ARTS, SOCIAL SCIENCES, AND HUMANITIES | L17: Creative Composition 1 | M17: 80 | N17: 11, 12 | O17: 11 | P17: 1 | Q17: 3 | R17: 3 | S17: 12 | T17: 1 | U17: 3 | V17: 3 | W17: 20 | X17: 60 | Y17: 20 | Z17: =SUM(W17:Y17) -> 100 | AA17: 30 | AB17: 30 | AC17: 40 | AG17: 90 | AH17: Advancing
B18: 86.52 | C18: 87.69 | D18: 89 | F18: ST 2 | G18: {=_xlfn.IFNA(_xlfn.XLOOKUP(1,(HELPER!$I$7:$I$161=1)*(HELPER!$L$7:$L$161=$G$10)*(HELPER!$K$7:$K$161=$G$9),HELPER!$AB$7:$AB$161),"")} -> 30 | I18: =IF(COUNTIF($N18,"*"&$F$7&"*")>0,1,0) -> 1 | J18: SSHS - ACADEMIC | K18: ARTS, SOCIAL SCIENCES, AND HUMANITIES | L18: Creative Composition 2 | M18: 80 | N18: 11, 12 | O18: 11 | P18: 1 | Q18: 3 | R18: 3 | S18: 12 | T18: 1 | U18: 3 | V18: 3 | W18: 20 | X18: 60 | Y18: 20 | Z18: =SUM(W18:Y18) -> 100 | AA18: 30 | AB18: 30 | AC18: 40 | AG18: 89 | AH18: Benchmarking
B19: 85.34 | C19: 86.51 | D19: 88 | F19: TE | G19: {=_xlfn.IFNA(_xlfn.XLOOKUP(1,(HELPER!$I$7:$I$161=1)*(HELPER!$L$7:$L$161=$G$10)*(HELPER!$K$7:$K$161=$G$9),HELPER!$AC$7:$AC$161),"")} -> 40 | I19: =IF(COUNTIF($N19,"*"&$F$7&"*")>0,1,0) -> 1 | J19: SSHS - ACADEMIC | K19: ARTS, SOCIAL SCIENCES, AND HUMANITIES | L19: Creative Industries - Applied and Traditional Arts | M19: 80 | N19: 11, 12 | O19: 11 | P19: 1 | Q19: 3 | R19: 3 | S19: 12 | T19: 1 | U19: 3 | V19: 3 | W19: 20 | X19: 60 | Y19: 20 | Z19: =SUM(W19:Y19) -> 100 | AA19: 30 | AB19: 30 | AC19: 40 | AG19: 88 | AH19: Benchmarking
B20: 84.16 | C20: 85.33 | D20: 87 | F20: TERMS, SHEETS, and UNITS | I20: =IF(COUNTIF($N20,"*"&$F$7&"*")>0,1,0) -> 1 | J20: SSHS - ACADEMIC | K20: ARTS, SOCIAL SCIENCES, AND HUMANITIES | L20: Creative Industries - Dance | M20: 80 | N20: 11, 12 | O20: 11 | P20: 1 | Q20: 3 | R20: 3 | S20: 12 | T20: 1 | U20: 3 | V20: 3 | W20: 20 | X20: 60 | Y20: 20 | Z20: =SUM(W20:Y20) -> 100 | AA20: 30 | AB20: 30 | AC20: 40 | AG20: 87 | AH20: Benchmarking
B21: 82.98 | C21: 84.15 | D21: 86 | F21: SUBJECT (1=REG; 2=OTHER) | G21: =IF('INPUT DATA'!F29="OTHER ELECTIVE / SPECIAL CURRICULAR PROGRAM",2,1) -> 1 | I21: =IF(COUNTIF($N21,"*"&$F$7&"*")>0,1,0) -> 1 | J21: SSHS - ACADEMIC | K21: ARTS, SOCIAL SCIENCES, AND HUMANITIES | L21: Creative Industries - Literary Arts | M21: 80 | N21: 11, 12 | O21: 11 | P21: 1 | Q21: 3 | R21: 3 | S21: 12 | T21: 1 | U21: 3 | V21: 3 | W21: 20 | X21: 60 | Y21: 20 | Z21: =SUM(W21:Y21) -> 100 | AA21: 30 | AB21: 30 | AC21: 40 | AG21: 86 | AH21: Benchmarking
B22: 81.8 | C22: 82.97 | D22: 85 | F22: Number of terms | G22: =IF(HELPER!$G$21=1,'INPUT DATA'!F$33,IF(HELPER!$G$21=2,'INPUT DATA'!F$51,"")) -> 3 | I22: =IF(COUNTIF($N22,"*"&$F$7&"*")>0,1,0) -> 1 | J22: SSHS - ACADEMIC | K22: ARTS, SOCIAL SCIENCES, AND HUMANITIES | L22: Creative Industries - Media Arts | M22: 80 | N22: 11, 12 | O22: 11 | P22: 1 | Q22: 3 | R22: 3 | S22: 12 | T22: 1 | U22: 3 | V22: 3 | W22: 20 | X22: 60 | Y22: 20 | Z22: =SUM(W22:Y22) -> 100 | AA22: 30 | AB22: 30 | AC22: 40 | AG22: 85 | AH22: Benchmarking
B23: 80.62 | C23: 81.79 | D23: 84 | F23: =IF($G$21=1,'INPUT DATA'!I$34,IF($G$21=2,'INPUT DATA'!I$52,"")) -> 33 | G23: =_xlfn.IFNA(_xlfn.XLOOKUP(F23,F38:F43,G38:G43),"") -> 1ST, 2ND, 3RD | I23: =IF(COUNTIF($N23,"*"&$F$7&"*")>0,1,0) -> 1 | J23: SSHS - ACADEMIC | K23: ARTS, SOCIAL SCIENCES, AND HUMANITIES | L23: Creative Industries - Music | M23: 80 | N23: 11, 12 | O23: 11 | P23: 1 | Q23: 3 | R23: 3 | S23: 12 | T23: 1 | U23: 3 | V23: 3 | W23: 20 | X23: 60 | Y23: 20 | Z23: =SUM(W23:Y23) -> 100 | AA23: 30 | AB23: 30 | AC23: 40 | AG23: 84 | AH23: Benchmarking
B24: 79.44 | C24: 80.61 | D24: 83 | F24: 1 | G24: Note: Accomplish only ONE (1) term sheet. Select the applicable TERM BLOCK. ↑ | I24: =IF(COUNTIF($N24,"*"&$F$7&"*")>0,1,0) -> 1 | J24: SSHS - ACADEMIC | K24: ARTS, SOCIAL SCIENCES, AND HUMANITIES | L24: Creative Industries - Theater Arts | M24: 80 | N24: 11, 12 | O24: 11 | P24: 1 | Q24: 3 | R24: 3 | S24: 12 | T24: 1 | U24: 3 | V24: 3 | W24: 20 | X24: 60 | Y24: 20 | Z24: =SUM(W24:Y24) -> 100 | AA24: 30 | AB24: 30 | AC24: 40 | AG24: 83 | AH24: Benchmarking
B25: 78.26 | C25: 79.43 | D25: 82 | F25: 2 | G25: Notes: Accomplish TWO (2) term sheets. 2-term electives cannot begin in Term 3. | I25: =IF(COUNTIF($N25,"*"&$F$7&"*")>0,1,0) -> 1 | J25: SSHS - ACADEMIC | K25: ARTS, SOCIAL SCIENCES, AND HUMANITIES | L25: Creative Industries - Visual Arts | M25: 80 | N25: 11, 12 | O25: 11 | P25: 1 | Q25: 3 | R25: 3 | S25: 12 | T25: 1 | U25: 3 | V25: 3 | W25: 20 | X25: 60 | Y25: 20 | Z25: =SUM(W25:Y25) -> 100 | AA25: 30 | AB25: 30 | AC25: 40 | AG25: 82 | AH25: Benchmarking
B26: 77.08 | C26: 78.25 | D26: 81 | F26: 3 | G26: Note: Accomplish all Term sheets. | I26: =IF(COUNTIF($N26,"*"&$F$7&"*")>0,1,0) -> 1 | J26: SSHS - ACADEMIC | K26: ARTS, SOCIAL SCIENCES, AND HUMANITIES | L26: Filipino 1 (Wika at Komunikasyon sa Akademikong Filipino) | M26: 80 | N26: 11, 12 | O26: 11 | P26: 1 | Q26: 3 | R26: 3 | S26: 12 | T26: 1 | U26: 3 | V26: 3 | W26: 20 | X26: 60 | Y26: 20 | Z26: =SUM(W26:Y26) -> 100 | AA26: 30 | AB26: 30 | AC26: 40 | AG26: 81 | AH26: Benchmarking
B27: 75.9 | C27: 77.07 | D27: 80 | F27: UNITS PER TERM | G27: {=_xlfn.IFNA(IF('INPUT DATA'!$F$24=11,_xlfn.XLOOKUP(1,(HELPER!$I$7:$I$161=1)*(HELPER!$L$7:$L$161=G10),HELPER!Q$7:Q$161), IF('INPUT DATA'!$F$24=12,(_xlfn.XLOOKUP(1,(HELPER!$I$7:$I$161=1)*(HELPER!$L$7:$L$161=G10),HELPER!U$7:U$161)),"")),"")} -> 2 | I27: =IF(COUNTIF($N27,"*"&$F$7&"*")>0,1,0) -> 1 | J27: SSHS - ACADEMIC | K27: ARTS, SOCIAL SCIENCES, AND HUMANITIES | L27: Filipino 2 (Filipino sa Isports) | M27: 80 | N27: 11, 12 | O27: 11 | P27: 1 | Q27: 3 | R27: 3 | S27: 12 | T27: 1 | U27: 3 | V27: 3 | W27: 20 | X27: 60 | Y27: 20 | Z27: =SUM(W27:Y27) -> 100 | AA27: 30 | AB27: 30 | AC27: 40 | AG27: 80 | AH27: Benchmarking
B28: 74.72 | C28: 75.89 | D28: 79 | F28: UNITS PER YEAR | G28: =G27*G22 -> 6 | I28: =IF(COUNTIF($N28,"*"&$F$7&"*")>0,1,0) -> 1 | J28: SSHS - ACADEMIC | K28: ARTS, SOCIAL SCIENCES, AND HUMANITIES | L28: Filipino 2 (Filipino sa Larang Teknikal-Propesyonal) | M28: 80 | N28: 11, 12 | O28: 11 | P28: 1 | Q28: 3 | R28: 3 | S28: 12 | T28: 1 | U28: 3 | V28: 3 | W28: 20 | X28: 60 | Y28: 20 | Z28: =SUM(W28:Y28) -> 100 | AA28: 30 | AB28: 30 | AC28: 40 | AG28: 79 | AH28: Connecting
B29: 73.54 | C29: 74.71 | D29: 78 | I29: =IF(COUNTIF($N29,"*"&$F$7&"*")>0,1,0) -> 1 | J29: SSHS - ACADEMIC | K29: ARTS, SOCIAL SCIENCES, AND HUMANITIES | L29: Filipino 2 (Filipino sa Sining at Disenyo) | M29: 80 | N29: 11, 12 | O29: 11 | P29: 1 | Q29: 3 | R29: 3 | S29: 12 | T29: 1 | U29: 3 | V29: 3 | W29: 20 | X29: 60 | Y29: 20 | Z29: =SUM(W29:Y29) -> 100 | AA29: 30 | AB29: 30 | AC29: 40 | AG29: 78 | AH29: Connecting
B30: 72.36 | C30: 73.53 | D30: 77 | F30: Terms with Inputs | I30: =IF(COUNTIF($N30,"*"&$F$7&"*")>0,1,0) -> 1 | J30: SSHS - ACADEMIC | K30: ARTS, SOCIAL SCIENCES, AND HUMANITIES | L30: Filipino Identity Through the Arts | M30: 80 | N30: 11, 12 | O30: 11 | P30: 1 | Q30: 3 | R30: 3 | S30: 12 | T30: 1 | U30: 3 | V30: 3 | W30: 20 | X30: 60 | Y30: 20 | Z30: =SUM(W30:Y30) -> 100 | AA30: 30 | AB30: 30 | AC30: 40 | AG30: 77 | AH30: Connecting
B31: 71.18 | C31: 72.35 | D31: 76 | F31: 1 | G31: FIRST TERM | I31: =IF(COUNTIF($N31,"*"&$F$7&"*")>0,1,0) -> 1 | J31: SSHS - ACADEMIC | K31: ARTS, SOCIAL SCIENCES, AND HUMANITIES | L31: Introduction to the Philosophy of the Human Person | M31: 80 | N31: 11, 12 | O31: 11 | P31: 1 | Q31: 3 | R31: 3 | S31: 12 | T31: 1 | U31: 3 | V31: 3 | W31: 20 | X31: 60 | Y31: 20 | Z31: =SUM(W31:Y31) -> 100 | AA31: 30 | AB31: 30 | AC31: 40 | AG31: 76 | AH31: Connecting
B32: 70 | C32: 71.17 | D32: 75 | F32: 2 | G32: SECOND TERM | I32: =IF(COUNTIF($N32,"*"&$F$7&"*")>0,1,0) -> 1 | J32: SSHS - ACADEMIC | K32: ARTS, SOCIAL SCIENCES, AND HUMANITIES | L32: Leadership and Management in the Arts | M32: 80 | N32: 11, 12 | O32: 11 | P32: 1 | Q32: 3 | R32: 3 | S32: 12 | T32: 1 | U32: 3 | V32: 3 | W32: 20 | X32: 60 | Y32: 20 | Z32: =SUM(W32:Y32) -> 100 | AA32: 30 | AB32: 30 | AC32: 40 | AG32: 75 | AH32: Connecting
B33: 65.34 | C33: 69.99 | D33: 74 | F33: 3 | G33: THIRD TERM | I33: =IF(COUNTIF($N33,"*"&$F$7&"*")>0,1,0) -> 1 | J33: SSHS - ACADEMIC | K33: ARTS, SOCIAL SCIENCES, AND HUMANITIES | L33: Malikhaing Pagsulat | M33: 80 | N33: 11, 12 | O33: 11 | P33: 1 | Q33: 3 | R33: 3 | S33: 12 | T33: 1 | U33: 3 | V33: 3 | W33: 20 | X33: 60 | Y33: 20 | Z33: =SUM(W33:Y33) -> 100 | AA33: 30 | AB33: 30 | AC33: 40 | AG33: 74 | AH33: Developing
B34: 60.67 | C34: 65.33 | D34: 73 | F34: 4 | G34: Invalid: Cannot start in Term 3 | I34: =IF(COUNTIF($N34,"*"&$F$7&"*")>0,1,0) -> 1 | J34: SSHS - ACADEMIC | K34: ARTS, SOCIAL SCIENCES, AND HUMANITIES | L34: Performance Criticism and Creative Markets | M34: 80 | N34: 11, 12 | O34: 11 | P34: 1 | Q34: 3 | R34: 3 | S34: 12 | T34: 1 | U34: 3 | V34: 3 | W34: 20 | X34: 60 | Y34: 20 | Z34: =SUM(W34:Y34) -> 100 | AA34: 30 | AB34: 30 | AC34: 40 | AG34: 73 | AH34: Developing
B35: 56.01 | C35: 60.66 | D35: 72 | I35: =IF(COUNTIF($N35,"*"&$F$7&"*")>0,1,0) -> 1 | J35: SSHS - ACADEMIC | K35: ARTS, SOCIAL SCIENCES, AND HUMANITIES | L35: Philippine Governance (Philippine Politics and Governance) | M35: 80 | N35: 11, 12 | O35: 11 | P35: 1 | Q35: 3 | R35: 3 | S35: 12 | T35: 1 | U35: 3 | V35: 3 | W35: 20 | X35: 60 | Y35: 20 | Z35: =SUM(W35:Y35) -> 100 | AA35: 30 | AB35: 30 | AC35: 40 | AG35: 72 | AH35: Developing
B36: 51.34 | C36: 56 | D36: 71 | I36: =IF(COUNTIF($N36,"*"&$F$7&"*")>0,1,0) -> 1 | J36: SSHS - ACADEMIC | K36: ARTS, SOCIAL SCIENCES, AND HUMANITIES | L36: Social Sciences (Theory and Practice) | M36: 80 | N36: 11, 12 | O36: 11 | P36: 1 | Q36: 3 | R36: 3 | S36: 12 | T36: 1 | U36: 3 | V36: 3 | W36: 20 | X36: 60 | Y36: 20 | Z36: =SUM(W36:Y36) -> 100 | AA36: 30 | AB36: 30 | AC36: 40 | AG36: 71 | AH36: Developing
B37: 46.67 | C37: 51.33 | D37: 70 | F37: FOR TERM SHEETS VALIDATION - WHICH TERM SHEET | I37: =IF(COUNTIF($N37,"*"&$F$7&"*")>0,1,0) -> 0 | J37: SSHS - ACADEMIC | K37: ARTS, SOCIAL SCIENCES, AND HUMANITIES | L37: Creative Production and Presentation | M37: 160 | N37: gr 12 | S37: 12 | T37: 1 | U37: 6 | V37: 6 | W37: 15 | X37: 70 | Y37: 15 | Z37: =SUM(W37:Y37) -> 100 | AA37: 30 | AB37: 30 | AC37: 40 | AG37: 70 | AH37: Developing
B38: 42.01 | C38: 46.66 | D38: 69 | F38: 11 | G38: 1ST | I38: =IF(COUNTIF($N38,"*"&$F$7&"*")>0,1,0) -> 1 | J38: SSHS - ACADEMIC | K38: BUSINESS AND ENTREPRENEURSHIP | L38: Business 1 (Basic Accounting) | M38: 80 | N38: 11, 12 | O38: 11 | P38: 1 | Q38: 3 | R38: 3 | S38: 12 | T38: 1 | U38: 3 | V38: 3 | W38: 20 | X38: 50 | Y38: 30 | Z38: =SUM(W38:Y38) -> 100 | AA38: 30 | AB38: 30 | AC38: 40 | AG38: 69 | AH38: Developing
B39: 37.34 | C39: 42 | D39: 68 | F39: 12 | G39: 2ND | I39: =IF(COUNTIF($N39,"*"&$F$7&"*")>0,1,0) -> 1 | J39: SSHS - ACADEMIC | K39: BUSINESS AND ENTREPRENEURSHIP | L39: Business 2 (Business Finance and Income Taxation) | M39: 80 | N39: 11, 12 | O39: 11 | P39: 1 | Q39: 3 | R39: 3 | S39: 12 | T39: 1 | U39: 3 | V39: 3 | W39: 20 | X39: 50 | Y39: 30 | Z39: =SUM(W39:Y39) -> 100 | AA39: 30 | AB39: 30 | AC39: 40 | AG39: 68 | AH39: Developing
B40: 32.68 | C40: 37.33 | D40: 67 | F40: 13 | G40: 3RD | I40: =IF(COUNTIF($N40,"*"&$F$7&"*")>0,1,0) -> 1 | J40: SSHS - ACADEMIC | K40: BUSINESS AND ENTREPRENEURSHIP | L40: Contemporary Marketing | M40: 80 | N40: 11, 12 | O40: 11 | P40: 1 | Q40: 3 | R40: 3 | S40: 12 | T40: 1 | U40: 3 | V40: 3 | W40: 20 | X40: 50 | Y40: 30 | Z40: =SUM(W40:Y40) -> 100 | AA40: 30 | AB40: 30 | AC40: 40 | AG40: 67 | AH40: Developing
B41: 28.01 | C41: 32.67 | D41: 66 | F41: 21 | G41: 1ST & 2ND | I41: =IF(COUNTIF($N41,"*"&$F$7&"*")>0,1,0) -> 1 | J41: SSHS - ACADEMIC | K41: BUSINESS AND ENTREPRENEURSHIP | L41: Entrepreneurship | M41: 80 | N41: 11, 12 | O41: 11 | P41: 1 | Q41: 3 | R41: 3 | S41: 12 | T41: 1 | U41: 3 | V41: 3 | W41: 20 | X41: 50 | Y41: 30 | Z41: =SUM(W41:Y41) -> 100 | AA41: 30 | AB41: 30 | AC41: 40 | AG41: 66 | AH41: Developing
B42: 23.35 | C42: 28 | D42: 65 | F42: 22 | G42: 2ND & 3RD | I42: =IF(COUNTIF($N42,"*"&$F$7&"*")>0,1,0) -> 1 | J42: SSHS - ACADEMIC | K42: BUSINESS AND ENTREPRENEURSHIP | L42: Introduction to Organization and Management | M42: 80 | N42: 11, 12 | O42: 11 | P42: 1 | Q42: 3 | R42: 3 | S42: 12 | T42: 1 | U42: 3 | V42: 3 | W42: 20 | X42: 50 | Y42: 30 | Z42: =SUM(W42:Y42) -> 100 | AA42: 30 | AB42: 30 | AC42: 40 | AG42: 65 | AH42: Developing
B43: 18.68 | C43: 23.34 | D43: 64 | F43: 33 | G43: 1ST, 2ND, 3RD | I43: =IF(COUNTIF($N43,"*"&$F$7&"*")>0,1,0) -> 0 | J43: SSHS - ACADEMIC | K43: BUSINESS AND ENTREPRENEURSHIP | L43: Business 3 (Business Economics) | M43: 80 | N43: gr 12 | S43: 12 | T43: 1 | U43: 3 | V43: 3 | W43: 20 | X43: 50 | Y43: 30 | Z43: =SUM(W43:Y43) -> 100 | AA43: 30 | AB43: 30 | AC43: 40 | AG43: 64 | AH43: Emerging
B44: 14.01 | C44: 18.67 | D44: 63 | F44: Number of Terms & Start | I44: =IF(COUNTIF($N44,"*"&$F$7&"*")>0,1,0) -> 1 | J44: SSHS - ACADEMIC | K44: FIELD EXPERIENCE | L44: Design and Innovation | M44: 80 | N44: 11, 12 | O44: 11 | P44: 1 | Q44: 3 | R44: 3 | S44: 12 | T44: 1 | U44: 3 | V44: 3 | W44: 40 | X44: 60 | Z44: =SUM(W44:Y44) -> 100 | AG44: 63 | AH44: Emerging
B45: 9.35 | C45: 14 | D45: 62 | I45: =IF(COUNTIF($N45,"*"&$F$7&"*")>0,1,0) -> 1 | J45: SSHS - ACADEMIC | K45: FIELD EXPERIENCE | L45: Research 1 | M45: 80 | N45: 11, 12 | O45: 11 | P45: 1 | Q45: 3 | R45: 3 | S45: 12 | T45: 1 | U45: 3 | V45: 3 | W45: 40 | X45: 60 | Z45: =SUM(W45:Y45) -> 100 | AG45: 62 | AH45: Emerging
B46: 4.68 | C46: 9.34 | D46: 61 | I46: =IF(COUNTIF($N46,"*"&$F$7&"*")>0,1,0) -> 1 | J46: SSHS - ACADEMIC | K46: FIELD EXPERIENCE | L46: Research 2 | M46: 80 | N46: 11, 12 | O46: 11 | P46: 1 | Q46: 3 | R46: 3 | S46: 12 | T46: 1 | U46: 3 | V46: 3 | W46: 40 | X46: 60 | Z46: =SUM(W46:Y46) -> 100 | AG46: 61 | AH46: Emerging
B47: 0 | C47: 4.67 | D47: 60 | I47: =IF(COUNTIF($N47,"*"&$F$7&"*")>0,1,0) -> 0 | J47: SSHS - ACADEMIC | K47: FIELD EXPERIENCE | L47: Arts Apprenticeship – Dance | M47: 160 | N47: gr 12 | S47: 12 | T47: 1 | U47: 6 | V47: 6 | W47: 15 | X47: 70 | Y47: 15 | Z47: =SUM(W47:Y47) -> 100 | AA47: 30 | AB47: 30 | AC47: 40 | AG47: 60 | AH47: Emerging
I48: =IF(COUNTIF($N48,"*"&$F$7&"*")>0,1,0) -> 0 | J48: SSHS - ACADEMIC | K48: FIELD EXPERIENCE | L48: Arts Apprenticeship - Literary Arts | M48: 160 | N48: gr 12 | S48: 12 | T48: 1 | U48: 6 | V48: 6 | W48: 15 | X48: 70 | Y48: 15 | Z48: =SUM(W48:Y48) -> 100 | AA48: 30 | AB48: 30 | AC48: 40
I49: =IF(COUNTIF($N49,"*"&$F$7&"*")>0,1,0) -> 0 | J49: SSHS - ACADEMIC | K49: FIELD EXPERIENCE | L49: Arts Apprenticeship - Media Arts | M49: 160 | N49: gr 12 | S49: 12 | T49: 1 | U49: 6 | V49: 6 | W49: 15 | X49: 70 | Y49: 15 | Z49: =SUM(W49:Y49) -> 100 | AA49: 30 | AB49: 30 | AC49: 40
I50: =IF(COUNTIF($N50,"*"&$F$7&"*")>0,1,0) -> 0 | J50: SSHS - ACADEMIC | K50: FIELD EXPERIENCE | L50: Arts Apprenticeship – Music | M50: 160 | N50: gr 12 | S50: 12 | T50: 1 | U50: 6 | V50: 6 | W50: 15 | X50: 70 | Y50: 15 | Z50: =SUM(W50:Y50) -> 100 | AC50: 100
I51: =IF(COUNTIF($N51,"*"&$F$7&"*")>0,1,0) -> 0 | J51: SSHS - ACADEMIC | K51: FIELD EXPERIENCE | L51: Arts Apprenticeship – Theater Arts | M51: 160 | N51: gr 12 | S51: 12 | T51: 1 | U51: 6 | V51: 6 | W51: 15 | X51: 70 | Y51: 15 | Z51: =SUM(W51:Y51) -> 100 | AC51: 100
I52: =IF(COUNTIF($N52,"*"&$F$7&"*")>0,1,0) -> 0 | J52: SSHS - ACADEMIC | K52: FIELD EXPERIENCE | L52: Arts Apprenticeship – Traditional Cultural Expressions | M52: 160 | N52: gr 12 | S52: 12 | T52: 1 | U52: 6 | V52: 6 | W52: 15 | X52: 70 | Y52: 15 | Z52: =SUM(W52:Y52) -> 100 | AC52: 100
I53: =IF(COUNTIF($N53,"*"&$F$7&"*")>0,1,0) -> 0 | J53: SSHS - ACADEMIC | K53: FIELD EXPERIENCE | L53: Arts Apprenticeship – Visual Arts | M53: 160 | N53: gr 12 | S53: 12 | T53: 1 | U53: 6 | V53: 6 | W53: 15 | X53: 70 | Y53: 15 | Z53: =SUM(W53:Y53) -> 100 | AC53: 100
I54: =IF(COUNTIF($N54,"*"&$F$7&"*")>0,1,0) -> 0 | J54: SSHS - ACADEMIC | K54: FIELD EXPERIENCE | L54: Field Exposure (Off Campus) | M54: 80 | N54: gr 12 | S54: 12 | T54: 1 | U54: 3 | V54: 3 | W54: 15 | X54: 70 | Y54: 15 | Z54: =SUM(W54:Y54) -> 100 | AC54: 100
I55: =IF(COUNTIF($N55,"*"&$F$7&"*")>0,1,0) -> 0 | J55: SSHS - ACADEMIC | K55: FIELD EXPERIENCE | L55: In-Campus Field Exposure for Sports | M55: 160 | N55: gr 12 | S55: 12 | T55: 1 | U55: 3 | V55: 3 | W55: 15 | X55: 70 | Y55: 15 | Z55: =SUM(W55:Y55) -> 100 | AC55: 100
I56: =IF(COUNTIF($N56,"*"&$F$7&"*")>0,1,0) -> 0 | J56: SSHS - ACADEMIC | K56: FIELD EXPERIENCE | L56: Work Immersion for Academic Track | M56: 320 | N56: gr 12 | S56: 12 | T56: 1 | U56: 12 | V56: 12 | W56: 20 | X56: 80 | Z56: =SUM(W56:Y56) -> 100 | AC56: 100
I57: =IF(COUNTIF($N57,"*"&$F$7&"*")>0,1,0) -> 1 | J57: SSHS - ACADEMIC | K57: SCIENCE, TECHNOLOGY, ENGINEERING, AND MATHEMATICS | L57: Advanced Mathematics | M57: 80 | N57: 11, 12 | O57: 11 | P57: 1 | Q57: 3 | R57: 3 | S57: 12 | T57: 1 | U57: 3 | V57: 3 | W57: 20 | X57: 50 | Y57: 30 | Z57: =SUM(W57:Y57) -> 100 | AC57: 100
I58: =IF(COUNTIF($N58,"*"&$F$7&"*")>0,1,0) -> 1 | J58: SSHS - ACADEMIC | K58: SCIENCE, TECHNOLOGY, ENGINEERING, AND MATHEMATICS | L58: Basic Calculus | M58: 80 | N58: 11, 12 | O58: 11 | P58: 1 | Q58: 3 | R58: 3 | S58: 12 | T58: 1 | U58: 3 | V58: 3 | W58: 20 | X58: 50 | Y58: 30 | Z58: =SUM(W58:Y58) -> 100 | AC58: 100
I59: =IF(COUNTIF($N59,"*"&$F$7&"*")>0,1,0) -> 1 | J59: SSHS - ACADEMIC | K59: SCIENCE, TECHNOLOGY, ENGINEERING, AND MATHEMATICS | L59: Biology 1 | M59: 80 | N59: 11, 12 | O59: 11 | P59: 1 | Q59: 3 | R59: 3 | S59: 12 | T59: 1 | U59: 3 | V59: 3 | W59: 20 | X59: 50 | Y59: 30 | Z59: =SUM(W59:Y59) -> 100 | AA59: 30 | AB59: 30 | AC59: 40
I60: =IF(COUNTIF($N60,"*"&$F$7&"*")>0,1,0) -> 1 | J60: SSHS - ACADEMIC | K60: SCIENCE, TECHNOLOGY, ENGINEERING, AND MATHEMATICS | L60: Biology 2 | M60: 80 | N60: 11, 12 | O60: 11 | P60: 1 | Q60: 3 | R60: 3 | S60: 12 | T60: 1 | U60: 3 | V60: 3 | W60: 20 | X60: 50 | Y60: 30 | Z60: =SUM(W60:Y60) -> 100 | AA60: 30 | AB60: 30 | AC60: 40
I61: =IF(COUNTIF($N61,"*"&$F$7&"*")>0,1,0) -> 1 | J61: SSHS - ACADEMIC | K61: SCIENCE, TECHNOLOGY, ENGINEERING, AND MATHEMATICS | L61: Biology 3 | M61: 80 | N61: 11, 12 | O61: 11 | P61: 1 | Q61: 3 | R61: 3 | S61: 12 | T61: 1 | U61: 3 | V61: 3 | W61: 20 | X61: 50 | Y61: 30 | Z61: =SUM(W61:Y61) -> 100 | AA61: 30 | AB61: 30 | AC61: 40
I62: =IF(COUNTIF($N62,"*"&$F$7&"*")>0,1,0) -> 1 | J62: SSHS - ACADEMIC | K62: SCIENCE, TECHNOLOGY, ENGINEERING, AND MATHEMATICS | L62: Chemistry 1 | M62: 80 | N62: 11, 12 | O62: 11 | P62: 1 | Q62: 3 | R62: 3 | S62: 12 | T62: 1 | U62: 3 | V62: 3 | W62: 20 | X62: 50 | Y62: 30 | Z62: =SUM(W62:Y62) -> 100 | AA62: 30 | AB62: 30 | AC62: 40
I63: =IF(COUNTIF($N63,"*"&$F$7&"*")>0,1,0) -> 1 | J63: SSHS - ACADEMIC | K63: SCIENCE, TECHNOLOGY, ENGINEERING, AND MATHEMATICS | L63: Chemistry 2 | M63: 80 | N63: 11, 12 | O63: 11 | P63: 1 | Q63: 3 | R63: 3 | S63: 12 | T63: 1 | U63: 3 | V63: 3 | W63: 20 | X63: 50 | Y63: 30 | Z63: =SUM(W63:Y63) -> 100 | AA63: 30 | AB63: 30 | AC63: 40
I64: =IF(COUNTIF($N64,"*"&$F$7&"*")>0,1,0) -> 1 | J64: SSHS - ACADEMIC | K64: SCIENCE, TECHNOLOGY, ENGINEERING, AND MATHEMATICS | L64: Chemistry 3 | M64: 80 | N64: 11, 12 | O64: 11 | P64: 1 | Q64: 3 | R64: 3 | S64: 12 | T64: 1 | U64: 3 | V64: 3 | W64: 20 | X64: 50 | Y64: 30 | Z64: =SUM(W64:Y64) -> 100 | AA64: 30 | AB64: 30 | AC64: 40
I65: =IF(COUNTIF($N65,"*"&$F$7&"*")>0,1,0) -> 1 | J65: SSHS - ACADEMIC | K65: SCIENCE, TECHNOLOGY, ENGINEERING, AND MATHEMATICS | L65: Earth and Space Science 1 | M65: 80 | N65: 11, 12 | O65: 11 | P65: 1 | Q65: 3 | R65: 3 | S65: 12 | T65: 1 | U65: 3 | V65: 3 | W65: 20 | X65: 50 | Y65: 30 | Z65: =SUM(W65:Y65) -> 100 | AA65: 30 | AB65: 30 | AC65: 40
I66: =IF(COUNTIF($N66,"*"&$F$7&"*")>0,1,0) -> 1 | J66: SSHS - ACADEMIC | K66: SCIENCE, TECHNOLOGY, ENGINEERING, AND MATHEMATICS | L66: Earth and Space Science 2 | M66: 80 | N66: 11, 12 | O66: 11 | P66: 1 | Q66: 3 | R66: 3 | S66: 12 | T66: 1 | U66: 3 | V66: 3 | W66: 20 | X66: 50 | Y66: 30 | Z66: =SUM(W66:Y66) -> 100 | AA66: 30 | AB66: 30 | AC66: 40
I67: =IF(COUNTIF($N67,"*"&$F$7&"*")>0,1,0) -> 1 | J67: SSHS - ACADEMIC | K67: SCIENCE, TECHNOLOGY, ENGINEERING, AND MATHEMATICS | L67: Earth and Space Science 3 | M67: 80 | N67: 11, 12 | O67: 11 | P67: 1 | Q67: 3 | R67: 3 | S67: 12 | T67: 1 | U67: 3 | V67: 3 | W67: 20 | X67: 50 | Y67: 30 | Z67: =SUM(W67:Y67) -> 100 | AA67: 30 | AB67: 30 | AC67: 40
I68: =IF(COUNTIF($N68,"*"&$F$7&"*")>0,1,0) -> 1 | J68: SSHS - ACADEMIC | K68: SCIENCE, TECHNOLOGY, ENGINEERING, AND MATHEMATICS | L68: Empowerment Technologies | M68: 80 | N68: 11, 12 | O68: 11 | P68: 1 | Q68: 3 | R68: 3 | S68: 12 | T68: 1 | U68: 3 | V68: 3 | W68: 20 | X68: 50 | Y68: 30 | Z68: =SUM(W68:Y68) -> 100 | AA68: 30 | AB68: 30 | AC68: 40
I69: =IF(COUNTIF($N69,"*"&$F$7&"*")>0,1,0) -> 1 | J69: SSHS - ACADEMIC | K69: SCIENCE, TECHNOLOGY, ENGINEERING, AND MATHEMATICS | L69: Finite Mathematics 1 | M69: 80 | N69: 11, 12 | O69: 11 | P69: 1 | Q69: 3 | R69: 3 | S69: 12 | T69: 1 | U69: 3 | V69: 3 | W69: 20 | X69: 50 | Y69: 30 | Z69: =SUM(W69:Y69) -> 100 | AA69: 30 | AB69: 30 | AC69: 40
I70: =IF(COUNTIF($N70,"*"&$F$7&"*")>0,1,0) -> 1 | J70: SSHS - ACADEMIC | K70: SCIENCE, TECHNOLOGY, ENGINEERING, AND MATHEMATICS | L70: Finite Mathematics 2 | M70: 80 | N70: 11, 12 | O70: 11 | P70: 1 | Q70: 3 | R70: 3 | S70: 12 | T70: 1 | U70: 3 | V70: 3 | W70: 20 | X70: 50 | Y70: 30 | Z70: =SUM(W70:Y70) -> 100 | AA70: 30 | AB70: 30 | AC70: 40
... I74: =IF(COUNTIF($N74,"*"&$F$7&"*")>0,1,0) -> 1 | J74: SSHS - ACADEMIC | K74: SCIENCE, TECHNOLOGY, ENGINEERING, AND MATHEMATICS | L74: Pre-Calculus | M74: 80 | N74: 11, 12 | O74: 11 | P74: 1 | Q74: 3 | R74: 3 | S74: 12 | T74: 1 | U74: 3 | V74: 3 | W74: 20 | X74: 50 | Y74: 30 | Z74: =SUM(W74:Y74) -> 100 | AA74: 30 | AB74: 30 | AC74: 40
I75: =IF(COUNTIF($N75,"*"&$F$7&"*")>0,1,0) -> 0 | J75: SSHS - ACADEMIC | K75: SCIENCE, TECHNOLOGY, ENGINEERING, AND MATHEMATICS | L75: Biology 4 | M75: 80 | N75: gr 12 | S75: 12 | T75: 1 | U75: 3 | V75: 3 | W75: 20 | X75: 50 | Y75: 30 | Z75: =SUM(W75:Y75) -> 100 | AA75: 30 | AB75: 30 | AC75: 40
I76: =IF(COUNTIF($N76,"*"&$F$7&"*")>0,1,0) -> 0 | J76: SSHS - ACADEMIC | K76: SCIENCE, TECHNOLOGY, ENGINEERING, AND MATHEMATICS | L76: Chemistry 4 | M76: 80 | N76: gr 12 | S76: 12 | T76: 1 | U76: 3 | V76: 3 | W76: 20 | X76: 50 | Y76: 30 | Z76: =SUM(W76:Y76) -> 100 | AA76: 30 | AB76: 30 | AC76: 40
I77: =IF(COUNTIF($N77,"*"&$F$7&"*")>0,1,0) -> 0 | J77: SSHS - ACADEMIC | K77: SCIENCE, TECHNOLOGY, ENGINEERING, AND MATHEMATICS | L77: Conceptual Biology and Earth and Space Science | M77: 80 | N77: gr 12 | S77: 12 | T77: 1 | U77: 3 | V77: 3 | W77: 20 | X77: 50 | Y77: 30 | Z77: =SUM(W77:Y77) -> 100 | AA77: 30 | AB77: 30 | AC77: 40
I78: =IF(COUNTIF($N78,"*"&$F$7&"*")>0,1,0) -> 0 | J78: SSHS - ACADEMIC | K78: SCIENCE, TECHNOLOGY, ENGINEERING, AND MATHEMATICS | L78: Conceptual Physics and Chemistry in Daily Life | M78: 80 | N78: gr 12 | S78: 12 | T78: 1 | U78: 3 | V78: 3 | W78: 20 | X78: 50 | Y78: 30 | Z78: =SUM(W78:Y78) -> 100 | AA78: 30 | AB78: 30 | AC78: 40
I79: =IF(COUNTIF($N79,"*"&$F$7&"*")>0,1,0) -> 0 | J79: SSHS - ACADEMIC | K79: SCIENCE, TECHNOLOGY, ENGINEERING, AND MATHEMATICS | L79: Database Management | M79: 80 | N79: gr 12 | S79: 12 | T79: 1 | U79: 3 | V79: 3 | W79: 20 | X79: 50 | Y79: 30 | Z79: =SUM(W79:Y79) -> 100 | AA79: 30 | AB79: 30 | AC79: 40
I80: =IF(COUNTIF($N80,"*"&$F$7&"*")>0,1,0) -> 0 | J80: SSHS - ACADEMIC | K80: SCIENCE, TECHNOLOGY, ENGINEERING, AND MATHEMATICS | L80: Earth and Space Science 4 | M80: 80 | N80: gr 12 | S80: 12 | T80: 1 | U80: 3 | V80: 3 | W80: 20 | X80: 50 | Y80: 30 | Z80: =SUM(W80:Y80) -> 100 | AA80: 30 | AB80: 30 | AC80: 40
I81: =IF(COUNTIF($N81,"*"&$F$7&"*")>0,1,0) -> 0 | J81: SSHS - ACADEMIC | K81: SCIENCE, TECHNOLOGY, ENGINEERING, AND MATHEMATICS | L81: Fundamentals of Data Analytics | M81: 80 | N81: gr 12 | S81: 12 | T81: 1 | U81: 3 | V81: 3 | W81: 20 | X81: 50 | Y81: 30 | Z81: =SUM(W81:Y81) -> 100 | AA81: 30 | AB81: 30 | AC81: 40
I82: =IF(COUNTIF($N82,"*"&$F$7&"*")>0,1,0) -> 0 | J82: SSHS - ACADEMIC | K82: SCIENCE, TECHNOLOGY, ENGINEERING, AND MATHEMATICS | L82: Physics 4 | M82: 80 | N82: gr 12 | S82: 12 | T82: 1 | U82: 3 | V82: 3 | W82: 20 | X82: 50 | Y82: 30 | Z82: =SUM(W82:Y82) -> 100 | AA82: 30 | AB82: 30 | AC82: 40
I83: =IF(COUNTIF($N83,"*"&$F$7&"*")>0,1,0) -> 1 | J83: SSHS - ACADEMIC | K83: SPORTS, HEALTH, AND WELLNESS | L83: Exercise and Sports Programming | M83: 80 | N83: 11, 12 | O83: 11 | P83: 1 | Q83: 3 | R83: 3 | S83: 12 | T83: 1 | U83: 3 | V83: 3 | W83: 20 | X83: 60 | Y83: 20 | Z83: =SUM(W83:Y83) -> 100 | AA83: 30 | AB83: 30 | AC83: 40
I84: =IF(COUNTIF($N84,"*"&$F$7&"*")>0,1,0) -> 1 | J84: SSHS - ACADEMIC | K84: SPORTS, HEALTH, AND WELLNESS | L84: First Aid | M84: 80 | N84: 11, 12 | O84: 11 | P84: 1 | Q84: 3 | R84: 3 | S84: 12 | T84: 1 | U84: 3 | V84: 3 | W84: 20 | X84: 60 | Y84: 20 | Z84: =SUM(W84:Y84) -> 100 | AA84: 30 | AB84: 30 | AC84: 40
I85: =IF(COUNTIF($N85,"*"&$F$7&"*")>0,1,0) -> 1 | J85: SSHS - ACADEMIC | K85: SPORTS, HEALTH, AND WELLNESS | L85: Fundamentals of Basic Life Support | M85: 80 | N85: 11, 12 | O85: 11 | P85: 1 | Q85: 3 | R85: 3 | S85: 12 | T85: 1 | U85: 3 | V85: 3 | W85: 20 | X85: 60 | Y85: 20 | Z85: =SUM(W85:Y85) -> 100 | AA85: 30 | AB85: 30 | AC85: 40
I86: =IF(COUNTIF($N86,"*"&$F$7&"*")>0,1,0) -> 1 | J86: SSHS - ACADEMIC | K86: SPORTS, HEALTH, AND WELLNESS | L86: Human Movement 1 (Basic Anatomy in Sports and Exercise) | M86: 80 | N86: 11, 12 | O86: 11 | P86: 1 | Q86: 3 | R86: 3 | S86: 12 | T86: 1 | U86: 3 | V86: 3 | W86: 20 | X86: 60 | Y86: 20 | Z86: =SUM(W86:Y86) -> 100 | AA86: 30 | AB86: 30 | AC86: 40
I87: =IF(COUNTIF($N87,"*"&$F$7&"*")>0,1,0) -> 1 | J87: SSHS - ACADEMIC | K87: SPORTS, HEALTH, AND WELLNESS | L87: Human Movement 2 (Motor Skills Development) | M87: 80 | N87: 11, 12 | O87: 11 | P87: 1 | Q87: 3 | R87: 3 | S87: 12 | T87: 1 | U87: 3 | V87: 3 | W87: 20 | X87: 60 | Y87: 20 | Z87: =SUM(W87:Y87) -> 100 | AA87: 30 | AB87: 30 | AC87: 40
I88: =IF(COUNTIF($N88,"*"&$F$7&"*")>0,1,0) -> 1 | J88: SSHS - ACADEMIC | K88: SPORTS, HEALTH, AND WELLNESS | L88: Physical Education 1 (Fitness and Recreation) | M88: 80 | N88: 11, 12 | O88: 11 | P88: 1 | Q88: 3 | R88: 3 | S88: 12 | T88: 1 | U88: 3 | V88: 3 | W88: 20 | X88: 60 | Y88: 20 | Z88: =SUM(W88:Y88) -> 100 | AA88: 30 | AB88: 30 | AC88: 40
I89: =IF(COUNTIF($N89,"*"&$F$7&"*")>0,1,0) -> 1 | J89: SSHS - ACADEMIC | K89: SPORTS, HEALTH, AND WELLNESS | L89: Physical Education 2 (Sports and Dance) | M89: 80 | N89: 11, 12 | O89: 11 | P89: 1 | Q89: 3 | R89: 3 | S89: 12 | T89: 1 | U89: 3 | V89: 3 | W89: 20 | X89: 60 | Y89: 20 | Z89: =SUM(W89:Y89) -> 100 | AA89: 30 | AB89: 30 | AC89: 40
I90: =IF(COUNTIF($N90,"*"&$F$7&"*")>0,1,0) -> 1 | J90: SSHS - ACADEMIC | K90: SPORTS, HEALTH, AND WELLNESS | L90: Sports Activity Management | M90: 80 | N90: 11, 12 | O90: 11 | P90: 1 | Q90: 3 | R90: 3 | S90: 12 | T90: 1 | U90: 3 | V90: 3 | W90: 20 | X90: 60 | Y90: 20 | Z90: =SUM(W90:Y90) -> 100 | AA90: 30 | AB90: 30 | AC90: 40
I91: =IF(COUNTIF($N91,"*"&$F$7&"*")>0,1,0) -> 1 | J91: SSHS - ACADEMIC | K91: SPORTS, HEALTH, AND WELLNESS | L91: Sports Coaching | M91: 80 | N91: 11, 12 | O91: 11 | P91: 1 | Q91: 3 | R91: 3 | S91: 12 | T91: 1 | U91: 3 | V91: 3 | W91: 20 | X91: 60 | Y91: 20 | Z91: =SUM(W91:Y91) -> 100 | AA91: 30 | AB91: 30 | AC91: 40
I92: =IF(COUNTIF($N92,"*"&$F$7&"*")>0,1,0) -> 1 | J92: SSHS - ACADEMIC | K92: SPORTS, HEALTH, AND WELLNESS | L92: Sports Officiating | M92: 80 | N92: 11, 12 | O92: 11 | P92: 1 | Q92: 3 | R92: 3 | S92: 12 | T92: 1 | U92: 3 | V92: 3 | W92: 20 | X92: 60 | Y92: 20 | Z92: =SUM(W92:Y92) -> 100 | AA92: 30 | AB92: 30 | AC92: 40
I93: =IF(COUNTIF($N93,"*"&$F$7&"*")>0,1,0) -> 1 | J93: SSHS - ACADEMIC | K93: OTHER ELECTIVE / SPECIAL CURRICULAR PROGRAM | L93: =IF(AND('INPUT DATA'!$F$28=HELPER!$J93,'INPUT DATA'!$F$29=HELPER!$K93),'INPUT DATA'!$F39,0) -> 0 | N93: 11, 12 | O93: 11 | P93: =IF(AND('INPUT DATA'!$F$24=11,'INPUT DATA'!$F$28=HELPER!$J93,'INPUT DATA'!$F$29=HELPER!$K93),'INPUT DATA'!$F51,0) -> 0 | Q93: =IF(AND('INPUT DATA'!$F$24=11,'INPUT DATA'!$F$28=HELPER!$J93,'INPUT DATA'!$F$29=HELPER!$K93),'INPUT DATA'!$F52,0) -> 0 | R93: =IF(AND('INPUT DATA'!$F$24=11,'INPUT DATA'!$F$28=HELPER!$J93,'INPUT DATA'!$F$29=HELPER!$K93),'INPUT DATA'!$F53,0) -> 0 | S93: 12 | T93: =IF(AND('INPUT DATA'!$F$24=12,'INPUT DATA'!$F$28=HELPER!$J93,'INPUT DATA'!$F$29=HELPER!$K93),'INPUT DATA'!$F51,0) -> 0 | U93: =IF(AND('INPUT DATA'!$F$24=12,'INPUT DATA'!$F$28=HELPER!$J93,'INPUT DATA'!$F$29=HELPER!$K93),'INPUT DATA'!$F52,0) -> 0 | V93: =IF(AND('INPUT DATA'!$F$24=12,'INPUT DATA'!$F$28=HELPER!$J93,'INPUT DATA'!$F$29=HELPER!$K93),'INPUT DATA'!$F53,0) -> 0 | W93: =IF(AND('INPUT DATA'!$F$28=HELPER!$J93,'INPUT DATA'!$F$29=HELPER!$K93),'INPUT DATA'!$F43,0)*100 -> 0 | X93: =IF(AND('INPUT DATA'!$F$28=HELPER!$J93,'INPUT DATA'!$F$29=HELPER!$K93),'INPUT DATA'!$F44,0)*100 -> 0 | Y93: =IF(AND('INPUT DATA'!$F$28=HELPER!$J93,'INPUT DATA'!$F$29=HELPER!$K93),'INPUT DATA'!$F45,0)*100 -> 0 | Z93: =SUM(W93:Y93) -> 0 | AA93: =IF(AND('INPUT DATA'!$F$28=HELPER!$J93,'INPUT DATA'!$F$29=HELPER!$K93),'INPUT DATA'!$F$46,0)*100 -> 0 | AB93: =IF(AND('INPUT DATA'!$F$28=HELPER!$J93,'INPUT DATA'!$F$29=HELPER!$K93),'INPUT DATA'!$F$47,0)*100 -> 0 | AC93: =IF(AND('INPUT DATA'!$F$28=HELPER!$J93,'INPUT DATA'!$F$29=HELPER!$K93),'INPUT DATA'!$F$48,0)*100 -> 0
I94: =IF(COUNTIF($N94,"*"&$F$7&"*")>0,1,0) -> 1 | J94: SSHS - TECH-PRO | K94: AESTHETIC, WELLNESS, AND HUMAN CARE | L94: Aesthetic Services (Beauty Care) | N94: 11, 12 | O94: 11 | P94: 3 | Q94: 4 | R94: 12 | S94: 12 | T94: 1 | U94: 12 | V94: 12 | W94: 15 | X94: 65 | Y94: 20 | Z94: =SUM(W94:Y94) -> 100 | AA94: 30 | AB94: 30 | AC94: 40
I95: =IF(COUNTIF($N95,"*"&$F$7&"*")>0,1,0) -> 1 | J95: SSHS - TECH-PRO | K95: AESTHETIC, WELLNESS, AND HUMAN CARE | L95: Caregiving (Adult Care) | N95: 11, 12 | O95: 11 | P95: 3 | Q95: 4 | R95: 12 | S95: 12 | T95: 1 | U95: 12 | V95: 12 | W95: 15 | X95: 65 | Y95: 20 | Z95: =SUM(W95:Y95) -> 100 | AA95: 30 | AB95: 30 | AC95: 40
I96: =IF(COUNTIF($N96,"*"&$F$7&"*")>0,1,0) -> 1 | J96: SSHS - TECH-PRO | K96: AESTHETIC, WELLNESS, AND HUMAN CARE | L96: Caregiving (Child Care) | N96: 11, 12 | O96: 11 | P96: 3 | Q96: 4 | R96: 12 | S96: 12 | T96: 1 | U96: 12 | V96: 12 | W96: 15 | X96: 65 | Y96: 20 | Z96: =SUM(W96:Y96) -> 100 | AA96: 30 | AB96: 30 | AC96: 40
I97: =IF(COUNTIF($N97,"*"&$F$7&"*")>0,1,0) -> 1 | J97: SSHS - TECH-PRO | K97: AESTHETIC, WELLNESS, AND HUMAN CARE | L97: Hairdressing Services | N97: 11, 12 | O97: 11 | P97: 3 | Q97: 4 | R97: 12 | S97: 12 | T97: 1 | U97: 12 | V97: 12 | W97: 15 | X97: 65 | Y97: 20 | Z97: =SUM(W97:Y97) -> 100 | AA97: 30 | AB97: 30 | AC97: 40
I98: =IF(COUNTIF($N98,"*"&$F$7&"*")>0,1,0) -> 1 | J98: SSHS - TECH-PRO | K98: AGRI-FISHERY BUSINESS AND FOOD INNOVATION | L98: Agricultural Crops Production | N98: 11, 12 | O98: 11 | P98: 3 | Q98: 4 | R98: 12 | S98: 12 | T98: 1 | U98: 12 | V98: 12 | W98: 15 | X98: 65 | Y98: 20 | Z98: =SUM(W98:Y98) -> 100 | AA98: 30 | AB98: 30 | AC98: 40
I99: =IF(COUNTIF($N99,"*"&$F$7&"*")>0,1,0) -> 1 | J99: SSHS - TECH-PRO | K99: AGRI-FISHERY BUSINESS AND FOOD INNOVATION | L99: Agro-entrepreneurship | N99: 11, 12 | O99: 11 | P99: 3 | Q99: 4 | R99: 12 | S99: 12 | T99: 1 | U99: 12 | V99: 12 | W99: 15 | X99: 65 | Y99: 20 | Z99: =SUM(W99:Y99) -> 100 | AA99: 30 | AB99: 30 | AC99: 40
I100: =IF(COUNTIF($N100,"*"&$F$7&"*")>0,1,0) -> 1 | J100: SSHS - TECH-PRO | K100: AGRI-FISHERY BUSINESS AND FOOD INNOVATION | L100: Aquaculture | N100: 11, 12 | O100: 11 | P100: 3 | Q100: 4 | R100: 12 | S100: 12 | T100: 1 | U100: 12 | V100: 12 | W100: 15 | X100: 65 | Y100: 20 | Z100: =SUM(W100:Y100) -> 100 | AA100: 30 | AB100: 30 | AC100: 40
I101: =IF(COUNTIF($N101,"*"&$F$7&"*")>0,1,0) -> 1 | J101: SSHS - TECH-PRO | K101: AGRI-FISHERY BUSINESS AND FOOD INNOVATION | L101: Fish Capture Operation | N101: 11, 12 | O101: 11 | P101: 3 | Q101: 4 | R101: 12 | S101: 12 | T101: 1 | U101: 12 | V101: 12 | W101: 15 | X101: 65 | Y101: 20 | Z101: =SUM(W101:Y101) -> 100 | AA101: 30 | AB101: 30 | AC101: 40
I102: =IF(COUNTIF($N102,"*"&$F$7&"*")>0,1,0) -> 1 | J102: SSHS - TECH-PRO | K102: AGRI-FISHERY BUSINESS AND FOOD INNOVATION | L102: Food Processing | N102: 11, 12 | O102: 11 | P102: 3 | Q102: 4 | R102: 12 | S102: 12 | T102: 1 | U102: 12 | V102: 12 | W102: 15 | X102: 65 | Y102: 20 | Z102: =SUM(W102:Y102) -> 100 | AA102: 30 | AB102: 30 | AC102: 40
I103: =IF(COUNTIF($N103,"*"&$F$7&"*")>0,1,0) -> 1 | J103: SSHS - TECH-PRO | K103: AGRI-FISHERY BUSINESS AND FOOD INNOVATION | L103: Organic Agriculture Production | N103: 11, 12 | O103: 11 | P103: 3 | Q103: 4 | R103: 12 | S103: 12 | T103: 1 | U103: 12 | V103: 12 | W103: 15 | X103: 65 | Y103: 20 | Z103: =SUM(W103:Y103) -> 100 | AA103: 30 | AB103: 30 | AC103: 40
I104: =IF(COUNTIF($N104,"*"&$F$7&"*")>0,1,0) -> 1 | J104: SSHS - TECH-PRO | K104: AGRI-FISHERY BUSINESS AND FOOD INNOVATION | L104: Poultry Production (Chicken) | N104: 11, 12 | O104: 11 | P104: 3 | Q104: 4 | R104: 12 | S104: 12 | T104: 1 | U104: 12 | V104: 12 | W104: 15 | X104: 65 | Y104: 20 | Z104: =SUM(W104:Y104) -> 100 | AA104: 30 | AB104: 30 | AC104: 40
...
